date,new_cases,total_cases,new_cases_smoothed,total_deaths,new_deaths,new_deaths_smoothed,total_cases_per_million,new_cases_per_million,new_cases_smoothed_per_million,total_deaths_per_million,new_deaths_per_million,new_deaths_smoothed_per_million,reproduction_rate,new_tests,total_tests,total_tests_per_thousand,new_tests_per_thousand,new_tests_smoothed,new_tests_smoothed_per_thousand,positive_rate,tests_per_case,total_vaccinations,people_vaccinated,people_fully_vaccinated,new_vaccinations,new_vaccinations_smoothed,total_vaccinations_per_hundred,people_vaccinated_per_hundred,people_fully_vaccinated_per_hundred,new_vaccinations_smoothed_per_million,stringency_index
2020-01-21,0,0,0,0,0,0,0,0,0,0,0,0,0,0,11,0,0,0,0,0,0,0,0,0,0,0,0,0,0,0,0
2020-01-22,0,1,0,0,0,0,0.02,0,0,0,0,0,0,5,16,0,0,0,0,0,0,0,0,0,0,0,0,0,0,0,0
2020-01-23,0,1,0,0,0,0,0.02,0,0,0,0,0,0,,,0,0,0,0,0,0,0,0,0,0,0,0,0,0,0,0
2020-01-24,1,2,0,0,0,0,0.039,0.02,0,0,0,0,0,,25,0,0,0,0,0,0,0,0,0,0,0,0,0,0,0,0
2020-01-25,0,2,0,0,0,0,0.039,0,0,0,0,0,0,,,0,0,0,0,0,0,0,0,0,0,0,0,0,0,0,0
2020-01-26,1,3,0,0,0,0,0.059,0.02,0,0,0,0,0,,48,0.001,0,0,0,0,0,0,0,0,0,0,0,0,0,0,0
2020-01-27,1,4,0,0,0,0,0.078,0.02,0,0,0,0,0,9,57,0.001,0,0,0,0,0,0,0,0,0,0,0,0,0,0,0
2020-01-28,0,4,0.429,0,0,0,0.078,0,0.008,0,0,0,0,130,187,0.004,0.003,25,0,0.017,58.3,0,0,0,0,0,0,0,0,0,0
2020-01-29,0,4,0.429,0,0,0,0.078,0,0.008,0,0,0,0,,,,,28,0.001,0.015,65.3,0,0,0,0,0,0,0,0,0,0
2020-01-30,0,4,0.429,0,0,0,0.078,0,0.008,0,0,0,0,,244,0.005,,32,0.001,0.013,74.6,0,0,0,0,0,0,0,0,0,0
2020-01-31,7,11,1.286,0,0,0,0.215,0.137,0.025,0,0,0,0,,,,,40,0.001,0.032,31.1,0,0,0,0,0,0,0,0,0,2.78
2020-02-01,1,12,1.429,0,0,0,0.234,0.02,0.028,0,0,0,0,,371,0.007,,48,0.001,0.03,33.6,0,0,0,0,0,0,0,0,0,13.89
2020-02-02,3,15,1.714,0,0,0,0.293,0.059,0.033,0,0,0,0,58,429,0.008,0.001,54,0.001,0.032,31.5,0,0,0,0,0,0,0,0,0,13.89
2020-02-03,0,15,1.571,0,0,0,0.293,0,0.031,0,0,0,0,,,,,66,0.001,0.024,42,0,0,0,0,0,0,0,0,0,23.15
2020-02-04,1,16,1.714,0,0,0,0.312,0.02,0.033,0,0,0,0,,607,0.012,,60,0.001,0.029,35,0,0,0,0,0,0,0,0,0,31.48
2020-02-05,3,19,2.143,0,0,0,0.371,0.059,0.042,0,0,0,0,107,714,0.014,0.002,71,0.001,0.03,33.1,0,0,0,0,0,0,0,0,0,31.48
2020-02-06,4,23,2.714,0,0,0,0.449,0.078,0.053,0,0,0,0,171,885,0.017,0.003,92,0.002,0.029,33.9,0,0,0,0,0,0,0,0,0,31.48
2020-02-07,1,24,1.857,0,0,0,0.468,0.02,0.036,0,0,0,0,245,1130,0.022,0.005,118,0.002,0.016,63.5,0,0,0,0,0,0,0,0,0,31.48
2020-02-08,0,24,1.714,0,0,0,0.468,0,0.033,0,0,0,0,571,1701,0.033,0.011,190,0.004,0.009,110.9,0,0,0,0,0,0,0,0,0,31.48
2020-02-09,1,25,1.429,0,0,0,0.488,0.02,0.028,0,0,0,0,639,2340,0.046,0.012,273,0.005,0.005,191,0,0,0,0,0,0,0,0,0,31.48
2020-02-10,2,27,1.714,0,0,0,0.527,0.039,0.033,0,0,0,0,436,2776,0.054,0.009,323,0.006,0.005,188.4,0,0,0,0,0,0,0,0,0,31.48
2020-02-11,1,28,1.714,0,0,0,0.546,0.02,0.033,0,0,0,0,853,3629,0.071,0.017,432,0.008,0.004,252,0,0,0,0,0,0,0,0,0,31.48
2020-02-12,0,28,1.286,0,0,0,0.546,0,0.025,0,0,0,0,1445,5074,0.099,0.028,623,0.012,0.002,484.4,0,0,0,0,0,0,0,0,0,31.48
2020-02-13,0,28,0.714,0,0,0,0.546,0,0.014,0,0,0,0,723,5797,0.113,0.014,702,0.014,0.001,983.2,0,0,0,0,0,0,0,0,0,31.48
2020-02-14,0,28,0.571,0,0,0,0.546,0,0.011,0,0,0,0,1057,6854,0.134,0.021,818,0.016,0.001,1432.6,0,0,0,0,0,0,0,0,0,31.48
2020-02-15,0,28,0.571,0,0,0,0.546,0,0.011,0,0,0,0,665,7519,0.147,0.013,831,0.016,0.001,1455.3,0,0,0,0,0,0,0,0,0,31.48
2020-02-16,1,29,0.571,0,0,0,0.566,0.02,0.011,0,0,0,0,400,7919,0.154,0.008,797,0.016,0.001,1395.8,0,0,0,0,0,0,0,0,0,31.48
2020-02-17,1,30,0.429,0,0,0,0.585,0.02,0.008,0,0,0,0,252,8171,0.159,0.005,771,0.015,0.001,1797.2,0,0,0,0,0,0,0,0,0,31.48
2020-02-18,1,31,0.429,0,0,0,0.605,0.02,0.008,0,0,0,0,1094,9265,0.181,0.021,805,0.016,0.001,1876.5,0,0,0,0,0,0,0,0,0,31.48
2020-02-19,0,31,0.429,0,0,0,0.605,0,0.008,0,0,0,0,1146,10411,0.203,0.022,762,0.015,0.001,1776.2,0,0,0,0,0,0,0,0,0,31.48
2020-02-20,73,104,10.857,1,1,0.143,2.029,1.424,0.212,0.02,0.02,0.003,0,1750,12161,0.237,0.034,909,0.018,0.012,83.7,0,0,0,0,0,0,0,0,0,31.48
2020-02-21,100,204,25.143,2,1,0.286,3.979,1.95,0.49,0.039,0.02,0.006,5.86,2655,14816,0.289,0.052,1137,0.022,0.022,45.2,0,0,0,0,0,0,0,0,0,45.37
2020-02-22,229,433,57.857,2,0,0.286,8.446,4.467,1.128,0.039,0,0.006,5.58,4805,19621,0.383,0.094,1729,0.034,0.033,29.9,0,0,0,0,0,0,0,0,0,45.37
2020-02-23,169,602,81.857,6,4,0.857,11.742,3.296,1.597,0.117,0.078,0.017,4.48,3012,22633,0.441,0.059,2102,0.041,0.039,25.7,0,0,0,0,0,0,0,0,0,50
2020-02-24,231,833,114.714,8,2,1.143,16.248,4.506,2.237,0.156,0.039,0.022,3.71,5982,28615,0.558,0.117,2921,0.057,0.039,25.5,0,0,0,0,0,0,0,0,0,55.56
2020-02-25,144,977,135.143,10,2,1.429,19.056,2.809,2.636,0.195,0.039,0.028,3.1,8101,36716,0.716,0.158,3922,0.076,0.034,29,0,0,0,0,0,0,0,0,0,55.56
2020-02-26,284,1261,175.714,12,2,1.714,24.596,5.539,3.427,0.234,0.039,0.033,3.08,9411,46127,0.9,0.184,5102,0.1,0.034,29,0,0,0,0,0,0,0,0,0,55.56
2020-02-27,505,1766,237.429,13,1,1.714,34.446,9.85,4.631,0.254,0.02,0.033,3.13,11863,57990,1.131,0.231,6547,0.128,0.036,27.6,0,0,0,0,0,0,0,0,0,55.56
2020-02-28,571,2337,304.714,13,0,1.571,45.583,11.137,5.943,0.254,0,0.031,2.86,12950,70940,1.384,0.253,8018,0.156,0.038,26.3,0,0,0,0,0,0,0,0,0,55.56
2020-02-29,813,3150,388.143,16,3,2,61.44,15.857,7.571,0.312,0.059,0.039,2.55,14753,85693,1.671,0.288,9439,0.184,0.041,24.3,0,0,0,0,0,0,0,0,0,55.56
2020-03-01,586,3736,447.714,17,1,1.571,72.87,11.43,8.733,0.332,0.02,0.031,2.35,11292,96985,1.892,0.22,10622,0.207,0.042,23.7,0,0,0,0,0,0,0,0,0,55.56
2020-03-02,599,4335,500.286,28,11,2.857,84.554,11.683,9.758,0.546,0.215,0.056,2.11,12606,109591,2.138,0.246,11568,0.226,0.043,23.1,0,0,0,0,0,0,0,0,0,55.56
2020-03-03,851,5186,601.286,28,0,2.571,101.152,16.599,11.728,0.546,0,0.05,1.93,16260,125851,2.455,0.317,12734,0.248,0.047,21.2,0,0,0,0,0,0,0,0,0,55.56
2020-03-04,435,5621,622.857,35,7,3.286,109.637,8.485,12.149,0.683,0.137,0.064,1.42,10856,136707,2.666,0.212,12940,0.252,0.048,20.8,0,0,0,0,0,0,0,0,0,55.56
2020-03-05,467,6088,617.429,35,0,3.143,118.746,9.109,12.043,0.683,0,0.061,1.07,9834,146541,2.858,0.192,12650,0.247,0.049,20.5,0,0,0,0,0,0,0,0,0,55.56
2020-03-06,505,6593,608,42,7,4.143,128.596,9.85,11.859,0.819,0.137,0.081,0.87,18199,164740,3.213,0.355,13400,0.261,0.045,22,0,0,0,0,0,0,0,0,0,55.56
2020-03-07,448,7041,555.857,44,2,4,137.334,8.738,10.842,0.858,0.039,0.078,0.67,13449,178189,3.476,0.262,13214,0.258,0.042,23.8,0,0,0,0,0,0,0,0,0,55.56
2020-03-08,273,7314,511.143,50,6,4.714,142.659,5.325,9.97,0.975,0.117,0.092,0.72,10329,188518,3.677,0.201,13076,0.255,0.039,25.6,0,0,0,0,0,0,0,0,0,55.56
2020-03-09,164,7478,449,53,3,3.571,145.858,3.199,8.758,1.034,0.059,0.07,0.65,8100,196618,3.835,0.158,12432,0.242,0.036,27.7,0,0,0,0,0,0,0,0,0,55.56
2020-03-10,35,7513,332.429,54,1,3.714,146.54,0.683,6.484,1.053,0.02,0.072,0.55,13526,210144,4.099,0.264,12042,0.235,0.028,36.2,0,0,0,0,0,0,0,0,0,55.56
2020-03-11,242,7755,304.857,60,6,3.571,151.26,4.72,5.946,1.17,0.117,0.07,0.52,12251,222395,4.338,0.239,12241,0.239,0.025,40.2,0,0,0,0,0,0,0,0,0,55.56
2020-03-12,114,7869,254.429,66,6,4.429,153.484,2.224,4.963,1.287,0.117,0.086,0.34,,,,,11430,0.223,0.022,44.9,0,0,0,0,0,0,0,0,0,55.56
2020-03-13,110,7979,198,66,0,3.429,155.63,2.146,3.862,1.287,0,0.067,0.26,,230707,4.5,,9424,0.184,0.021,47.6,0,0,0,0,0,0,0,0,0,55.56
2020-03-14,107,8086,149.286,72,6,4,157.717,2.087,2.912,1.404,0.117,0.078,0.23,,,,,8875,0.173,0.017,59.4,0,0,0,0,0,0,0,0,0,55.56
2020-03-15,76,8162,121.143,75,3,3.571,159.199,1.482,2.363,1.463,0.059,0.07,0.39,,,,,8772,0.171,0.014,72.4,0,0,0,0,0,0,0,0,0,55.56
2020-03-16,74,8236,108.286,75,0,3.143,160.642,1.443,2.112,1.463,0,0.061,0.54,,259533,5.062,,8988,0.175,0.012,83,0,0,0,0,0,0,0,0,0,55.56
2020-03-17,84,8320,115.286,81,6,3.857,162.281,1.638,2.249,1.58,0.117,0.075,0.59,,,,,8560,0.167,0.013,74.3,0,0,0,0,0,0,0,0,0,55.56
2020-03-18,93,8413,94,84,3,3.429,164.095,1.814,1.833,1.638,0.059,0.067,0.6,,,,,8314,0.162,0.011,88.4,0,0,0,0,0,0,0,0,0,55.56
2020-03-19,152,8565,99.429,91,7,3.571,167.059,2.965,1.939,1.775,0.137,0.07,0.61,,291120,5.678,,9224,0.18,0.011,92.8,0,0,0,0,0,0,0,0,0,55.56
2020-03-20,87,8652,96.143,94,3,4,168.756,1.697,1.875,1.833,0.059,0.078,0.56,10019,301139,5.874,0.195,10062,0.196,0.01,104.7,0,0,0,0,0,0,0,0,0,55.56
2020-03-21,147,8799,101.857,102,8,4.286,171.624,2.867,1.987,1.989,0.156,0.084,0.61,10666,311805,6.082,0.208,10213,0.199,0.01,100.3,0,0,0,0,0,0,0,0,0,69.44
2020-03-22,162,8961,114.143,111,9,5.143,174.783,3.16,2.226,2.165,0.176,0.1,0.72,5435,317240,6.188,0.106,9617,0.188,0.012,84.3,0,0,0,0,0,0,0,0,0,75.93
2020-03-23,0,8961,103.571,111,0,5.143,174.783,0,2.02,2.165,0,0.1,0.65,7168,324408,6.328,0.14,9268,0.181,0.011,89.5,0,0,0,0,0,0,0,0,0,75.93
2020-03-24,76,9037,102.429,120,9,5.571,176.266,1.482,1.998,2.341,0.176,0.109,0.71,8734,333142,6.498,0.17,9011,0.176,0.011,88,0,0,0,0,0,0,0,0,0,75.93
2020-03-25,100,9137,103.429,126,6,6,178.216,1.95,2.017,2.458,0.117,0.117,0.76,10476,343618,6.702,0.204,9004,0.176,0.011,87.1,0,0,0,0,0,0,0,0,0,75.93
2020-03-26,104,9241,96.571,131,5,5.714,180.245,2.029,1.884,2.555,0.098,0.111,0.75,6955,350573,6.838,0.136,8493,0.166,0.011,87.9,0,0,0,0,0,0,0,0,0,75.93
2020-03-27,91,9332,97.143,139,8,6.429,182.02,1.775,1.895,2.711,0.156,0.125,0.77,11169,361742,7.056,0.218,8658,0.169,0.011,89.1,0,0,0,0,0,0,0,0,0,75.93
2020-03-28,146,9478,97,144,5,6,184.867,2.848,1.892,2.809,0.098,0.117,0.85,9619,371361,7.243,0.188,8508,0.166,0.011,87.7,0,0,0,0,0,0,0,0,0,75.93
2020-03-29,105,9583,88.857,152,8,5.857,186.915,2.048,1.733,2.965,0.156,0.114,0.9,,,,,8467,0.165,0.01,95.3,0,0,0,0,0,0,0,0,0,75.93
2020-03-30,78,9661,100,158,6,6.714,188.437,1.521,1.95,3.082,0.117,0.131,0.97,,381663,7.444,,8179,0.16,0.012,81.8,0,0,0,0,0,0,0,0,0,75.93
2020-03-31,125,9786,107,162,4,6,190.875,2.438,2.087,3.16,0.078,0.117,1.01,12009,393672,7.679,0.234,8647,0.169,0.012,80.8,0,0,0,0,0,0,0,0,0,75.93
2020-04-01,101,9887,107.143,165,3,5.571,192.845,1.97,2.09,3.218,0.059,0.109,0.9,11290,404962,7.899,0.22,8763,0.171,0.012,81.8,0,0,0,0,0,0,0,0,0,75.93
2020-04-02,89,9976,105,169,4,5.429,194.581,1.736,2.048,3.296,0.078,0.106,0.79,8896,413858,8.072,0.174,9041,0.176,0.012,86.1,0,0,0,0,0,0,0,0,0,75.93
2020-04-03,86,10062,104.286,174,5,5,196.258,1.677,2.034,3.394,0.098,0.098,0.73,10507,424365,8.277,0.205,8946,0.174,0.012,85.8,0,0,0,0,0,0,0,0,0,75.93
2020-04-04,94,10156,96.857,177,3,4.714,198.092,1.833,1.889,3.452,0.059,0.092,0.7,,,,,8808,0.172,0.011,90.9,0,0,0,0,0,0,0,0,0,78.7
2020-04-05,81,10237,93.429,183,6,4.429,199.672,1.58,1.822,3.569,0.117,0.086,0.71,,441662,8.615,,9307,0.182,0.01,99.6,0,0,0,0,0,0,0,0,0,78.7
2020-04-06,47,10284,89,186,3,4,200.588,0.917,1.736,3.628,0.059,0.078,0.69,5847,447509,8.729,0.114,9407,0.183,0.009,105.7,0,0,0,0,0,0,0,0,0,82.41
2020-04-07,47,10331,77.857,192,6,4.286,201.505,0.917,1.519,3.745,0.117,0.084,0.63,9145,456654,8.907,0.178,8997,0.175,0.009,115.6,0,0,0,0,0,0,0,0,0,82.41
2020-04-08,53,10384,71,200,8,5,202.539,1.034,1.385,3.901,0.156,0.098,0.56,11491,468145,9.131,0.224,9026,0.176,0.008,127.1,0,0,0,0,0,0,0,0,0,82.41
2020-04-09,39,10423,63.857,204,4,5,203.3,0.761,1.246,3.979,0.078,0.098,0.46,11057,479202,9.347,0.216,9335,0.182,0.007,146.2,0,0,0,0,0,0,0,0,0,82.41
2020-04-10,27,10450,55.429,208,4,4.857,203.826,0.527,1.081,4.057,0.078,0.095,0.38,8551,487753,9.514,0.167,9055,0.177,0.006,163.4,0,0,0,0,0,0,0,0,0,82.41
2020-04-11,30,10480,46.286,211,3,4.857,204.411,0.585,0.903,4.116,0.059,0.095,0.38,8656,496409,9.682,0.169,9056,0.177,0.005,195.7,0,0,0,0,0,0,0,0,0,82.41
2020-04-12,32,10512,39.286,214,3,4.429,205.035,0.624,0.766,4.174,0.059,0.086,0.47,4424,500833,9.769,0.086,8453,0.165,0.005,215.2,0,0,0,0,0,0,0,0,0,82.41
2020-04-13,25,10537,36.143,217,3,4.429,205.523,0.488,0.705,4.233,0.059,0.086,0.54,4519,505352,9.857,0.088,8263,0.161,0.004,228.6,0,0,0,0,0,0,0,0,0,82.41
2020-04-14,27,10564,33.286,222,5,4.286,206.05,0.527,0.649,4.33,0.098,0.084,0.55,7435,512787,10.002,0.145,8019,0.156,0.004,240.9,0,0,0,0,0,0,0,0,0,82.41
2020-04-15,27,10591,29.571,225,3,3.571,206.576,0.527,0.577,4.389,0.059,0.07,0.52,6739,519526,10.133,0.131,7340,0.143,0.004,248.2,0,0,0,0,0,0,0,0,0,82.41
2020-04-16,22,10613,27.143,229,4,3.571,207.005,0.429,0.529,4.467,0.078,0.07,0.44,4981,524507,10.23,0.097,6472,0.126,0.004,238.4,0,0,0,0,0,0,0,0,0,82.41
2020-04-17,22,10635,26.429,230,1,3.143,207.435,0.429,0.515,4.486,0.02,0.061,0.4,7770,532277,10.382,0.152,6361,0.124,0.004,240.7,0,0,0,0,0,0,0,0,0,82.41
2020-04-18,18,10653,24.714,232,2,3,207.786,0.351,0.482,4.525,0.039,0.059,0.35,,,,,6166,0.12,0.004,249.5,0,0,0,0,0,0,0,0,0,73.15
2020-04-19,8,10661,21.286,234,2,2.857,207.942,0.156,0.415,4.564,0.039,0.056,0.36,,546866,10.667,,6576,0.128,0.003,308.9,0,0,0,0,0,0,0,0,0,73.15
2020-04-20,13,10674,19.571,236,2,2.714,208.195,0.254,0.382,4.603,0.039,0.053,0.43,4188,551054,10.748,0.082,6529,0.127,0.003,333.6,0,0,0,0,0,0,0,0,0,43.52
2020-04-21,9,10683,17,237,1,2.143,208.371,0.176,0.332,4.623,0.02,0.042,0.43,7239,558293,10.889,0.141,6501,0.127,0.003,382.4,0,0,0,0,0,0,0,0,0,43.52
2020-04-22,11,10694,14.714,238,1,1.857,208.585,0.215,0.287,4.642,0.02,0.036,0.44,7545,565838,11.037,0.147,6616,0.129,0.002,449.6,0,0,0,0,0,0,0,0,0,43.52
2020-04-23,14,10708,13.571,240,2,1.571,208.858,0.273,0.265,4.681,0.039,0.031,0.44,7994,573832,11.193,0.156,7046,0.137,0.002,519.2,0,0,0,0,0,0,0,0,0,43.52
2020-04-24,10,10718,11.857,240,0,1.429,209.053,0.195,0.231,4.681,0,0.028,0.42,6088,579920,11.311,0.119,6806,0.133,0.002,574,0,0,0,0,0,0,0,0,0,43.52
2020-04-25,10,10728,10.714,242,2,1.429,209.249,0.195,0.209,4.72,0.039,0.028,0.43,,,,,6376,0.124,0.002,595.1,0,0,0,0,0,0,0,0,0,43.52
2020-04-26,10,10738,11,243,1,1.286,209.444,0.195,0.215,4.74,0.02,0.025,0.54,,,,,5945,0.116,0.002,540.5,0,0,0,0,0,0,0,0,0,43.52
2020-04-27,14,10752,11.143,244,1,1.143,209.717,0.273,0.217,4.759,0.02,0.022,0.63,,592765,11.562,,5959,0.116,0.002,534.8,0,0,0,0,0,0,0,0,0,43.52
2020-04-28,9,10761,11.143,246,2,1.286,209.892,0.176,0.217,4.798,0.039,0.025,0.57,6546,599311,11.689,0.128,5860,0.114,0.002,525.9,0,0,0,0,0,0,0,0,0,43.52
2020-04-29,4,10765,10.143,247,1,1.286,209.97,0.078,0.198,4.818,0.02,0.025,0.49,6579,605890,11.818,0.128,5722,0.112,0.002,564.1,0,0,0,0,0,0,0,0,0,43.52
2020-04-30,9,10774,9.429,248,1,1.143,210.146,0.176,0.184,4.837,0.02,0.022,0.51,,,,,5186,0.101,0.002,550,0,0,0,0,0,0,0,0,0,43.52
2020-05-01,6,10780,8.857,250,2,1.429,210.263,0.117,0.173,4.876,0.039,0.028,0.53,,614384,11.983,,4923,0.096,0.002,555.8,0,0,0,0,0,0,0,0,0,43.52
2020-05-02,13,10793,9.286,250,0,1.143,210.516,0.254,0.181,4.876,0,0.022,0.61,4682,619066,12.075,0.091,4981,0.097,0.002,536.4,0,0,0,0,0,0,0,0,0,43.52
2020-05-03,8,10801,9,252,2,1.286,210.672,0.156,0.176,4.915,0.039,0.025,0.61,3319,622385,12.14,0.065,4843,0.094,0.002,538.1,0,0,0,0,0,0,0,0,0,43.52
2020-05-04,3,10804,7.429,254,2,1.429,210.731,0.059,0.145,4.954,0.039,0.028,0.58,3360,625745,12.205,0.066,4711,0.092,0.002,634.1,0,0,0,0,0,0,0,0,0,43.52
2020-05-05,2,10806,6.429,255,1,1.286,210.77,0.039,0.125,4.974,0.02,0.025,0.61,5634,631379,12.315,0.11,4581,0.089,0.001,712.6,0,0,0,0,0,0,0,0,0,43.52
2020-05-06,4,10810,6.429,256,1,1.286,210.848,0.078,0.125,4.993,0.02,0.025,0.85,3707,635086,12.387,0.072,4171,0.081,0.002,648.8,0,0,0,0,0,0,0,0,0,43.52
2020-05-07,12,10822,6.857,256,0,1.143,211.082,0.234,0.134,4.993,0,0.022,1.31,5873,640959,12.502,0.115,4403,0.086,0.002,642.1,0,0,0,0,0,0,0,0,0,43.52
2020-05-08,18,10840,8.571,256,0,0.857,211.433,0.351,0.167,4.993,0,0.017,1.8,5037,645996,12.6,0.098,4516,0.088,0.002,526.9,0,0,0,0,0,0,0,0,0,43.52
2020-05-09,34,10874,11.571,256,0,0.857,212.096,0.663,0.226,4.993,0,0.017,2.2,4881,650877,12.695,0.095,4544,0.089,0.003,392.7,0,0,0,0,0,0,0,0,0,43.52
2020-05-10,35,10909,15.429,256,0,0.571,212.779,0.683,0.301,4.993,0,0.011,2.16,,,,,4548,0.089,0.003,294.8,0,0,0,0,0,0,0,0,0,43.52
2020-05-11,27,10936,18.857,258,2,0.571,213.306,0.527,0.368,5.032,0.039,0.011,1.88,,657570,12.826,,4546,0.089,0.004,241.1,0,0,0,0,0,0,0,0,0,43.52
2020-05-12,26,10962,22.286,259,1,0.571,213.813,0.507,0.435,5.052,0.02,0.011,1.59,6990,664560,12.962,0.136,4740,0.092,0.005,212.7,0,0,0,0,0,0,0,0,0,43.52
2020-05-13,29,10991,25.857,260,1,0.571,214.378,0.566,0.504,5.071,0.02,0.011,1.42,11781,676341,13.192,0.23,5894,0.115,0.004,227.9,0,0,0,0,0,0,0,0,0,43.52
2020-05-14,27,11018,28,260,0,0.571,214.905,0.527,0.546,5.071,0,0.011,1.2,14421,690762,13.473,0.281,7115,0.139,0.004,254.1,0,0,0,0,0,0,0,0,0,43.52
2020-05-15,19,11037,28.143,262,2,0.857,215.276,0.371,0.549,5.11,0.039,0.017,0.98,16110,706872,13.787,0.314,8697,0.17,0.003,309,0,0,0,0,0,0,0,0,0,43.52
2020-05-16,13,11050,25.143,262,0,0.857,215.529,0.254,0.49,5.11,0,0.017,0.83,,,,,9651,0.188,0.003,383.8,0,0,0,0,0,0,0,0,0,43.52
2020-05-17,15,11065,22.286,263,1,1,215.822,0.293,0.435,5.13,0.02,0.02,0.9,,729993,14.238,,10824,0.211,0.002,485.7,0,0,0,0,0,0,0,0,0,43.52
2020-05-18,13,11078,20.286,263,0,0.714,216.075,0.254,0.396,5.13,0,0.014,1,7125,737118,14.377,0.139,11364,0.222,0.002,560.2,0,0,0,0,0,0,0,0,0,43.52
2020-05-19,32,11110,21.143,263,0,0.571,216.699,0.624,0.412,5.13,0,0.011,1.12,11531,748649,14.602,0.225,12013,0.234,0.002,568.2,0,0,0,0,0,0,0,0,0,43.52
2020-05-20,12,11122,18.714,264,1,0.571,216.933,0.234,0.365,5.149,0.02,0.011,0.95,11433,760082,14.825,0.223,11963,0.233,0.002,639.3,0,0,0,0,0,0,0,0,0,39.81
2020-05-21,20,11142,17.714,264,0,0.571,217.324,0.39,0.346,5.149,0,0.011,1.01,10513,770595,15.03,0.205,11405,0.222,0.002,643.8,0,0,0,0,0,0,0,0,0,39.81
2020-05-22,23,11165,18.286,266,2,0.571,217.772,0.449,0.357,5.188,0.039,0.011,1.1,11537,782132,15.255,0.225,10751,0.21,0.002,587.9,0,0,0,0,0,0,0,0,0,39.81
2020-05-23,25,11190,20,266,0,0.571,218.26,0.488,0.39,5.188,0,0.011,1.15,10719,792851,15.464,0.209,10631,0.207,0.002,531.6,0,0,0,0,0,0,0,0,0,39.81
2020-05-24,16,11206,20.143,267,1,0.571,218.572,0.312,0.393,5.208,0.02,0.011,1.22,,,,,10015,0.195,0.002,497.2,0,0,0,0,0,0,0,0,0,39.81
2020-05-25,19,11225,21,269,2,0.857,218.942,0.371,0.41,5.247,0.039,0.017,1.46,,807348,15.747,,10033,0.196,0.002,477.8,0,0,0,0,0,0,0,0,0,39.81
2020-05-26,40,11265,22.143,269,0,0.857,219.723,0.78,0.432,5.247,0,0.017,1.83,10083,817431,15.944,0.197,9826,0.192,0.002,443.8,0,0,0,0,0,0,0,0,0,39.81
2020-05-27,79,11344,31.714,269,0,0.714,221.264,1.541,0.619,5.247,0,0.014,2.13,14384,831815,16.224,0.281,10248,0.2,0.003,323.1,0,0,0,0,0,0,0,0,0,39.81
2020-05-28,58,11402,37.143,269,0,0.714,222.395,1.131,0.724,5.247,0,0.014,1.79,14481,846296,16.507,0.282,10814,0.211,0.003,291.1,0,0,0,0,0,0,0,0,0,39.81
2020-05-29,39,11441,39.429,269,0,0.429,223.155,0.761,0.769,5.247,0,0.008,1.38,14267,860563,16.785,0.278,11204,0.219,0.004,284.2,0,0,0,0,0,0,0,0,0,55.09
2020-05-30,27,11468,39.714,270,1,0.571,223.682,0.527,0.775,5.266,0.02,0.011,1.16,16040,876603,17.098,0.313,11965,0.233,0.003,301.3,0,0,0,0,0,0,0,0,0,55.09
2020-05-31,35,11503,42.429,271,1,0.571,224.365,0.683,0.828,5.286,0.02,0.011,1.19,10925,887528,17.311,0.213,12490,0.244,0.003,294.4,0,0,0,0,0,0,0,0,0,55.09
2020-06-01,38,11541,45.143,272,1,0.429,225.106,0.741,0.881,5.305,0.02,0.008,1.23,9805,897333,17.502,0.191,12855,0.251,0.004,284.8,0,0,0,0,0,0,0,0,0,55.09
2020-06-02,49,11590,46.429,273,1,0.571,226.062,0.956,0.906,5.325,0.02,0.011,1.2,13596,910929,17.768,0.265,13357,0.261,0.003,287.7,0,0,0,0,0,0,0,0,0,55.09
2020-06-03,39,11629,40.714,273,0,0.571,226.822,0.761,0.794,5.325,0,0.011,1.11,18058,928987,18.12,0.352,13882,0.271,0.003,341,0,0,0,0,0,0,0,0,0,55.09
2020-06-04,39,11668,38,273,0,0.571,227.583,0.761,0.741,5.325,0,0.011,1.13,16672,945659,18.445,0.325,14195,0.277,0.003,373.6,0,0,0,0,0,0,0,0,0,55.09
2020-06-05,51,11719,39.714,273,0,0.571,228.578,0.995,0.775,5.325,0,0.011,1.2,16535,962194,18.767,0.323,14519,0.283,0.003,365.6,0,0,0,0,0,0,0,0,0,55.09
2020-06-06,57,11776,44,273,0,0.429,229.69,1.112,0.858,5.325,0,0.008,1.23,15157,977351,19.063,0.296,14393,0.281,0.003,327.1,0,0,0,0,0,0,0,0,0,55.09
2020-06-07,38,11814,44.429,273,0,0.286,230.431,0.741,0.867,5.325,0,0.006,1.17,8937,986288,19.237,0.174,14109,0.275,0.003,317.6,0,0,0,0,0,0,0,0,0,55.09
2020-06-08,38,11852,44.429,274,1,0.286,231.172,0.741,0.867,5.344,0.02,0.006,1.13,7552,993840,19.385,0.147,13787,0.269,0.003,310.3,0,0,0,0,0,0,0,0,0,53.24
2020-06-09,50,11902,44.571,276,2,0.429,232.147,0.975,0.869,5.383,0.039,0.008,1.1,14698,1008538,19.671,0.287,13944,0.272,0.003,312.8,0,0,0,0,0,0,0,0,0,53.24
2020-06-10,45,11947,45.429,276,0,0.429,233.025,0.878,0.886,5.383,0,0.008,1.07,17211,1025749,20.007,0.336,13823,0.27,0.003,304.3,0,0,0,0,0,0,0,0,0,53.24
2020-06-11,56,12003,47.857,277,1,0.571,234.117,1.092,0.933,5.403,0.02,0.011,1.08,15645,1041394,20.312,0.305,13676,0.267,0.003,285.8,0,0,0,0,0,0,0,0,0,53.24
2020-06-12,48,12051,47.429,277,0,0.571,235.053,0.936,0.925,5.403,0,0.011,0.99,15849,1057243,20.621,0.309,13578,0.265,0.003,286.3,0,0,0,0,0,0,0,0,0,53.24
2020-06-13,34,12085,44.143,277,0,0.571,235.717,0.663,0.861,5.403,0,0.011,0.93,14109,1071352,20.897,0.275,13429,0.262,0.003,304.2,0,0,0,0,0,0,0,0,0,53.24
2020-06-14,36,12121,43.857,277,0,0.571,236.419,0.702,0.855,5.403,0,0.011,0.99,7620,1078972,21.045,0.149,13241,0.258,0.003,301.9,0,0,0,0,0,0,0,0,0,53.24
2020-06-15,34,12155,43.286,278,1,0.571,237.082,0.663,0.844,5.422,0.02,0.011,1.01,5954,1084926,21.161,0.116,13012,0.254,0.003,300.6,0,0,0,0,0,0,0,0,0,53.24
2020-06-16,43,12198,42.286,279,1,0.429,237.921,0.839,0.825,5.442,0.02,0.008,1.05,12209,1097135,21.4,0.238,12657,0.247,0.003,299.3,0,0,0,0,0,0,0,0,0,53.24
2020-06-17,59,12257,44.286,280,1,0.571,239.071,1.151,0.864,5.461,0.02,0.011,1.14,14199,1111334,21.676,0.277,12226,0.238,0.004,276.1,0,0,0,0,0,0,0,0,0,53.24
2020-06-18,49,12306,43.286,280,0,0.429,240.027,0.956,0.844,5.461,0,0.008,1.12,12664,1123998,21.923,0.247,11801,0.23,0.004,272.6,0,0,0,0,0,0,0,0,0,53.24
2020-06-19,67,12373,46,280,0,0.429,241.334,1.307,0.897,5.461,0,0.008,1.12,12875,1136873,22.175,0.251,11376,0.222,0.004,247.3,0,0,0,0,0,0,0,0,0,53.24
2020-06-20,48,12421,48,280,0,0.429,242.27,0.936,0.936,5.461,0,0.008,1.01,12558,1149431,22.42,0.245,11154,0.218,0.004,232.4,0,0,0,0,0,0,0,0,0,53.24
2020-06-21,17,12438,45.286,280,0,0.429,242.602,0.332,0.883,5.461,0,0.008,0.92,6961,1156392,22.555,0.136,11060,0.216,0.004,244.2,0,0,0,0,0,0,0,0,0,53.24
2020-06-22,46,12484,47,281,1,0.429,243.499,0.897,0.917,5.481,0.02,0.008,0.99,6271,1162663,22.678,0.122,11105,0.217,0.004,236.3,0,0,0,0,0,0,0,0,0,53.24
2020-06-23,51,12535,48.143,281,0,0.286,244.494,0.995,0.939,5.481,0,0.006,0.96,11071,1173734,22.894,0.216,10943,0.213,0.004,227.3,0,0,0,0,0,0,0,0,0,53.24
2020-06-24,28,12563,43.714,282,1,0.286,245.04,0.546,0.853,5.5,0.02,0.006,0.87,14618,1188352,23.179,0.285,11003,0.215,0.004,251.7,0,0,0,0,0,0,0,0,0,53.24
2020-06-25,39,12602,42.286,282,0,0.286,245.801,0.761,0.825,5.5,0,0.006,0.94,13226,1201578,23.437,0.258,11083,0.216,0.004,262.1,0,0,0,0,0,0,0,0,0,53.24
2020-06-26,51,12653,40,282,0,0.286,246.795,0.995,0.78,5.5,0,0.006,1.05,11909,1213487,23.669,0.232,10945,0.213,0.004,273.6,0,0,0,0,0,0,0,0,0,53.24
2020-06-27,62,12715,42,282,0,0.286,248.005,1.209,0.819,5.5,0,0.006,1.16,10427,1223914,23.872,0.203,10640,0.208,0.004,253.3,0,0,0,0,0,0,0,0,0,53.24
2020-06-28,42,12757,45.571,282,0,0.286,248.824,0.819,0.889,5.5,0,0.006,1.15,8776,1232690,24.043,0.171,10900,0.213,0.004,239.2,0,0,0,0,0,0,0,0,0,53.24
2020-06-29,43,12800,45.143,282,0,0.143,249.663,0.839,0.881,5.5,0,0.003,1.12,8765,1241455,24.214,0.171,11256,0.22,0.004,249.3,0,0,0,0,0,0,0,0,0,53.24
2020-06-30,50,12850,45,282,0,0.143,250.638,0.975,0.878,5.5,0,0.003,1.11,11502,1252957,24.439,0.224,11318,0.221,0.004,251.5,0,0,0,0,0,0,0,0,0,53.24
2020-07-01,54,12904,48.714,282,0,0,251.691,1.053,0.95,5.5,0,0,1.14,12748,1265705,24.687,0.249,11050,0.216,0.004,226.8,0,0,0,0,0,0,0,0,0,53.24
2020-07-02,63,12967,52.143,282,0,0,252.92,1.229,1.017,5.5,0,0,1.17,10475,1276180,24.892,0.204,10657,0.208,0.005,204.4,0,0,0,0,0,0,0,0,0,56.94
2020-07-03,63,13030,53.857,283,1,0.143,254.149,1.229,1.05,5.52,0.02,0.003,1.14,10021,1286201,25.087,0.195,10388,0.203,0.005,192.9,0,0,0,0,0,0,0,0,0,56.94
2020-07-04,61,13091,53.714,283,0,0.143,255.339,1.19,1.048,5.52,0,0.003,1.12,11001,1297202,25.302,0.215,10470,0.204,0.005,194.9,0,0,0,0,0,0,0,0,0,53.24
2020-07-05,46,13137,54.286,284,1,0.286,256.236,0.897,1.059,5.539,0.02,0.006,1.08,,,,,10166,0.198,0.005,187.3,0,0,0,0,0,0,0,0,0,53.24
2020-07-06,44,13181,54.429,285,1,0.429,257.094,0.858,1.062,5.559,0.02,0.008,1.05,,1310504,25.561,,9864,0.192,0.006,181.2,0,0,0,0,0,0,0,0,0,53.24
2020-07-07,63,13244,56.286,285,0,0.429,258.323,1.229,1.098,5.559,0,0.008,1.02,12015,1322519,25.796,0.234,9937,0.194,0.006,176.5,0,0,0,0,0,0,0,0,0,53.24
2020-07-08,49,13293,55.571,287,2,0.714,259.279,0.956,1.084,5.598,0.039,0.014,0.93,13204,1335723,26.053,0.258,10003,0.195,0.006,180,0,0,0,0,0,0,0,0,0,53.24
2020-07-09,45,13338,53,288,1,0.857,260.156,0.878,1.034,5.617,0.02,0.017,0.86,12136,1347859,26.29,0.237,10240,0.2,0.005,193.2,0,0,0,0,0,0,0,0,0,53.24
2020-07-10,35,13373,49,288,0,0.714,260.839,0.683,0.956,5.617,0,0.014,0.81,13504,1361363,26.553,0.263,10737,0.209,0.005,219.1,0,0,0,0,0,0,0,0,0,53.24
2020-07-11,44,13417,46.571,289,1,0.857,261.697,0.858,0.908,5.637,0.02,0.017,0.93,,,,,10520,0.205,0.004,225.9,0,0,0,0,0,0,0,0,0,53.24
2020-07-12,62,13479,48.857,289,0,0.714,262.906,1.209,0.953,5.637,0,0.014,1.06,,1380314,26.923,,10923,0.213,0.004,223.6,0,0,0,0,0,0,0,0,0,53.24
2020-07-13,33,13512,47.286,289,0,0.571,263.55,0.644,0.922,5.637,0,0.011,0.97,6153,1386467,27.043,0.12,10852,0.212,0.004,229.5,0,0,0,0,0,0,0,0,0,53.24
2020-07-14,39,13551,43.857,289,0,0.571,264.311,0.761,0.855,5.637,0,0.011,0.95,9860,1396327,27.235,0.192,10544,0.206,0.004,240.4,0,0,0,0,0,0,0,0,0,53.24
2020-07-15,61,13612,45.571,291,2,0.571,265.501,1.19,0.889,5.676,0.039,0.011,1.03,11692,1408019,27.463,0.228,10328,0.201,0.004,226.6,0,0,0,0,0,0,0,0,0,53.24
2020-07-16,60,13672,47.714,293,2,0.714,266.671,1.17,0.931,5.715,0.039,0.014,1,9925,1417944,27.657,0.194,10012,0.195,0.005,209.8,0,0,0,0,0,0,0,0,0,53.24
2020-07-17,39,13711,48.286,294,1,0.857,267.432,0.761,0.942,5.734,0.02,0.017,0.84,9963,1427907,27.851,0.194,9506,0.185,0.005,196.9,0,0,0,0,0,0,0,0,0,53.24
2020-07-18,34,13745,46.857,295,1,0.857,268.095,0.663,0.914,5.754,0.02,0.017,0.84,9374,1437281,28.034,0.183,9492,0.185,0.005,202.6,0,0,0,0,0,0,0,0,0,53.24
2020-07-19,26,13771,41.714,296,1,1,268.602,0.507,0.814,5.773,0.02,0.02,0.93,6065,1443346,28.152,0.118,9005,0.176,0.005,215.9,0,0,0,0,0,0,0,0,0,53.24
2020-07-20,45,13816,43.429,296,0,1,269.48,0.878,0.847,5.773,0,0.02,1.09,5545,1448891,28.26,0.108,8918,0.174,0.005,205.3,0,0,0,0,0,0,0,0,0,53.24
2020-07-21,63,13879,46.857,297,1,1.143,270.708,1.229,0.914,5.793,0.02,0.022,1.18,9635,1458526,28.448,0.188,8886,0.173,0.005,189.6,0,0,0,0,0,0,0,0,0,53.24
2020-07-22,59,13938,46.571,297,0,0.857,271.859,1.151,0.908,5.793,0,0.017,1.2,11794,1470320,28.678,0.23,8900,0.174,0.005,191.1,0,0,0,0,0,0,0,0,0,53.24
2020-07-23,41,13979,43.857,298,1,0.714,272.659,0.8,0.855,5.812,0.02,0.014,1.19,9116,1479436,28.856,0.178,8785,0.171,0.005,200.3,0,0,0,0,0,0,0,0,0,53.24
2020-07-24,113,14092,54.429,298,0,0.571,274.863,2.204,1.062,5.812,0,0.011,1.34,10332,1489768,29.058,0.202,8837,0.172,0.006,162.4,0,0,0,0,0,0,0,0,0,53.24
2020-07-25,58,14150,57.857,298,0,0.429,275.994,1.131,1.128,5.812,0,0.008,1.09,9185,1498953,29.237,0.179,8810,0.172,0.007,152.3,0,0,0,0,0,0,0,0,0,53.24
2020-07-26,25,14175,57.714,299,1,0.429,276.482,0.488,1.126,5.832,0.02,0.008,0.9,4759,1503712,29.33,0.093,8624,0.168,0.007,149.4,0,0,0,0,0,0,0,0,0,53.24
2020-07-27,28,14203,55.286,300,1,0.571,277.028,0.546,1.078,5.851,0.02,0.011,0.79,4492,1508204,29.417,0.088,8473,0.165,0.007,153.3,0,0,0,0,0,0,0,0,0,53.24
2020-07-28,48,14251,53.143,300,0,0.429,277.964,0.936,1.037,5.851,0,0.008,0.75,9056,1517260,29.594,0.177,8391,0.164,0.006,157.9,0,0,0,0,0,0,0,0,0,53.24
2020-07-29,18,14269,47.286,300,0,0.429,278.315,0.351,0.922,5.851,0,0.008,0.64,10721,1527981,29.803,0.209,8237,0.161,0.006,174.2,0,0,0,0,0,0,0,0,0,53.24
2020-07-30,36,14305,46.571,301,1,0.429,279.018,0.702,0.908,5.871,0.02,0.008,0.68,9216,1537197,29.983,0.18,8252,0.161,0.006,177.2,0,0,0,0,0,0,0,0,0,53.24
2020-07-31,31,14336,34.857,301,0,0.429,279.622,0.605,0.68,5.871,0,0.008,0.64,8269,1545466,30.144,0.161,7957,0.155,0.004,228.3,0,0,0,0,0,0,0,0,0,53.24
2020-08-01,30,14366,30.857,301,0,0.429,280.207,0.585,0.602,5.871,0,0.008,0.71,8086,1553552,30.302,0.158,7800,0.152,0.004,252.8,0,0,0,0,0,0,0,0,0,53.24
2020-08-02,23,14389,30.571,301,0,0.286,280.656,0.449,0.596,5.871,0,0.006,0.83,4926,1558478,30.398,0.096,7824,0.153,0.004,255.9,0,0,0,0,0,0,0,0,0,53.24
2020-08-03,34,14423,31.429,301,0,0.143,281.319,0.663,0.613,5.871,0,0.003,0.91,3878,1562356,30.474,0.076,7736,0.151,0.004,246.1,0,0,0,0,0,0,0,0,0,53.24
2020-08-04,33,14456,29.286,302,1,0.286,281.963,0.644,0.571,5.89,0.02,0.006,0.9,8700,1571056,30.643,0.17,7685,0.15,0.004,262.4,0,0,0,0,0,0,0,0,0,53.24
2020-08-05,43,14499,32.857,302,0,0.286,282.801,0.839,0.641,5.89,0,0.006,0.94,8641,1579697,30.812,0.169,7388,0.144,0.004,224.9,0,0,0,0,0,0,0,0,0,53.24
2020-08-06,20,14519,30.571,303,1,0.286,283.192,0.39,0.596,5.91,0.02,0.006,0.86,8759,1588456,30.983,0.171,7323,0.143,0.004,239.5,0,0,0,0,0,0,0,0,0,53.24
2020-08-07,43,14562,32.286,304,1,0.429,284.03,0.839,0.63,5.929,0.02,0.008,0.94,8128,1596584,31.141,0.159,7303,0.142,0.004,226.2,0,0,0,0,0,0,0,0,0,53.24
2020-08-08,36,14598,33.143,305,1,0.571,284.732,0.702,0.646,5.949,0.02,0.011,0.99,7825,1604409,31.294,0.153,7265,0.142,0.005,219.2,0,0,0,0,0,0,0,0,0,53.24
2020-08-09,28,14626,33.857,305,0,0.571,285.279,0.546,0.66,5.949,0,0.011,1.14,3438,1607847,31.361,0.067,7053,0.138,0.005,208.3,0,0,0,0,0,0,0,0,0,53.24
2020-08-10,34,14660,33.857,305,0,0.571,285.942,0.663,0.66,5.949,0,0.011,1.3,4060,1611907,31.44,0.079,7079,0.138,0.005,209.1,0,0,0,0,0,0,0,0,0,53.24
2020-08-11,54,14714,36.857,305,0,0.429,286.995,1.053,0.719,5.949,0,0.008,1.56,8448,1620355,31.605,0.165,7043,0.137,0.005,191.1,0,0,0,0,0,0,0,0,0,53.24
2020-08-12,56,14770,38.714,305,0,0.429,288.087,1.092,0.755,5.949,0,0.008,1.87,8922,1629277,31.779,0.174,7083,0.138,0.005,183,0,0,0,0,0,0,0,0,0,53.24
2020-08-13,103,14873,50.571,305,0,0.286,290.096,2.009,0.986,5.949,0,0.006,2.39,7823,1637100,31.931,0.153,6949,0.136,0.007,137.4,0,0,0,0,0,0,0,0,0,53.24
2020-08-14,166,15039,68.143,305,0,0.143,293.334,3.238,1.329,5.949,0,0.003,2.8,7852,1644952,32.085,0.153,6910,0.135,0.01,101.4,0,0,0,0,0,0,0,0,0,53.24
2020-08-15,279,15318,102.857,305,0,0,298.776,5.442,2.006,5.949,0,0,2.99,8726,1653678,32.255,0.17,7038,0.137,0.015,68.4,0,0,0,0,0,0,0,0,0,53.24
2020-08-16,197,15515,127,305,0,0,302.618,3.842,2.477,5.949,0,0,2.65,6104,1659782,32.374,0.119,7419,0.145,0.017,58.4,0,0,0,0,0,0,0,0,0,53.24
2020-08-17,246,15761,157.286,306,1,0.143,307.417,4.798,3.068,5.968,0.02,0.003,2.41,5724,1665506,32.486,0.112,7657,0.149,0.021,48.7,0,0,0,0,0,0,0,0,0,53.24
2020-08-18,297,16058,192,306,0,0.143,313.21,5.793,3.745,5.968,0,0.003,2.19,6317,1671823,32.609,0.123,7353,0.143,0.026,38.3,0,0,0,0,0,0,0,0,0,53.24
2020-08-19,288,16346,225.143,307,1,0.286,318.827,5.617,4.391,5.988,0.02,0.006,1.98,12219,1684042,32.847,0.238,7824,0.153,0.029,34.8,0,0,0,0,0,0,0,0,0,53.24
2020-08-20,324,16670,256.714,309,2,0.571,325.147,6.32,5.007,6.027,0.039,0.011,1.83,15043,1699085,33.14,0.293,8855,0.173,0.029,34.5,0,0,0,0,0,0,0,0,0,53.24
2020-08-21,332,17002,280.429,309,0,0.571,331.622,6.476,5.47,6.027,0,0.011,1.69,16993,1716078,33.472,0.331,10161,0.198,0.028,36.2,0,0,0,0,0,0,0,0,0,53.24
2020-08-22,397,17399,297.286,309,0,0.571,339.366,7.743,5.799,6.027,0,0.011,1.59,17295,1733373,33.809,0.337,11385,0.222,0.026,38.3,0,0,0,0,0,0,0,0,0,53.24
2020-08-23,266,17665,307.143,309,0,0.571,344.554,5.188,5.991,6.027,0,0.011,1.48,10249,1743622,34.009,0.2,11977,0.234,0.026,39,0,0,0,0,0,0,0,0,0,53.24
2020-08-24,280,17945,312,310,1,0.571,350.015,5.461,6.086,6.047,0.02,0.011,1.39,12805,1756427,34.259,0.25,12989,0.253,0.024,41.6,0,0,0,0,0,0,0,0,0,53.24
2020-08-25,320,18265,315.286,312,2,0.857,356.257,6.242,6.15,6.086,0.039,0.017,1.34,19048,1775475,34.63,0.372,14807,0.289,0.021,47,0,0,0,0,0,0,0,0,0,53.24
2020-08-26,441,18706,337.143,313,1,0.857,364.859,8.602,6.576,6.105,0.02,0.017,1.36,21236,1796711,35.045,0.414,16096,0.314,0.021,47.7,0,0,0,0,0,0,0,0,0,53.24
2020-08-27,371,19077,343.857,316,3,1,372.095,7.236,6.707,6.164,0.059,0.02,1.23,20827,1817538,35.451,0.406,16922,0.33,0.02,49.2,0,0,0,0,0,0,0,0,0,53.24
2020-08-28,323,19400,342.571,321,5,1.714,378.395,6.3,6.682,6.261,0.098,0.033,1.09,19468,1837006,35.831,0.38,17275,0.337,0.02,50.4,0,0,0,0,0,0,0,0,0,53.24
2020-08-29,299,19699,328.571,323,2,2,384.227,5.832,6.409,6.3,0.039,0.039,0.99,18277,1855283,36.187,0.356,17416,0.34,0.019,53,0,0,0,0,0,0,0,0,0,53.24
2020-08-30,248,19947,326,324,1,2.143,389.064,4.837,6.359,6.32,0.02,0.042,0.98,10866,1866149,36.399,0.212,17504,0.341,0.019,53.7,0,0,0,0,0,0,0,0,0,53.24
2020-08-31,235,20182,319.571,324,0,2,393.648,4.584,6.233,6.32,0,0.039,0.92,13664,1879813,36.666,0.267,17627,0.344,0.018,55.2,0,0,0,0,0,0,0,0,0,53.24
2020-09-01,267,20449,312,326,2,2,398.856,5.208,6.086,6.359,0.039,0.039,0.83,22524,1902337,37.105,0.439,18123,0.353,0.017,58.1,0,0,0,0,0,0,0,0,0,53.24
2020-09-02,195,20644,276.857,329,3,2.286,402.659,3.803,5.4,6.417,0.059,0.045,0.73,21210,1923547,37.519,0.414,18119,0.353,0.015,65.4,0,0,0,0,0,0,0,0,0,50.46
2020-09-03,198,20842,252.143,331,2,2.143,406.521,3.862,4.918,6.456,0.039,0.042,0.68,21481,1945028,37.938,0.419,18213,0.355,0.014,72.2,0,0,0,0,0,0,0,0,0,50.46
2020-09-04,168,21010,230,333,2,1.714,409.798,3.277,4.486,6.495,0.039,0.033,0.65,,,,,18285,0.357,0.013,79.5,0,0,0,0,0,0,0,0,0,50.46
2020-09-05,167,21177,211.143,334,1,1.571,413.055,3.257,4.118,6.515,0.02,0.031,0.66,,1984968,38.717,,18526,0.361,0.011,87.7,0,0,0,0,0,0,0,0,0,50.46
2020-09-06,119,21296,192.714,336,2,1.714,415.376,2.321,3.759,6.554,0.039,0.033,0.69,11346,1996314,38.938,0.221,18595,0.363,0.01,96.5,0,0,0,0,0,0,0,0,0,50.46
2020-09-07,136,21432,178.571,341,5,2.429,418.029,2.653,3.483,6.651,0.098,0.047,0.72,7874,2004188,39.091,0.154,17768,0.347,0.01,99.5,0,0,0,0,0,0,0,0,0,50.46
2020-09-08,156,21588,162.714,344,3,2.571,421.072,3.043,3.174,6.71,0.059,0.05,0.71,18520,2022708,39.453,0.361,17196,0.335,0.009,105.7,0,0,0,0,0,0,0,0,0,50.46
2020-09-09,155,21743,157,346,2,2.429,424.095,3.023,3.062,6.749,0.039,0.047,0.71,22993,2045701,39.901,0.448,17451,0.34,0.009,111.2,0,0,0,0,0,0,0,0,0,50.46
2020-09-10,176,21919,153.857,350,4,2.714,427.528,3.433,3.001,6.827,0.078,0.053,0.74,20872,2066573,40.308,0.407,17364,0.339,0.009,112.9,0,0,0,0,0,0,0,0,0,50.46
2020-09-11,136,22055,149.286,355,5,3.143,430.18,2.653,2.912,6.924,0.098,0.061,0.72,23215,2089788,40.761,0.453,17827,0.348,0.008,119.4,0,0,0,0,0,0,0,0,0,50.46
2020-09-12,121,22176,142.714,358,3,3.429,432.541,2.36,2.784,6.983,0.059,0.067,0.71,17843,2107631,41.109,0.348,17523,0.342,0.008,122.8,0,0,0,0,0,0,0,0,0,50.46
2020-09-13,109,22285,141.286,363,5,3.857,434.667,2.126,2.756,7.08,0.098,0.075,0.74,7934,2115565,41.264,0.155,17036,0.332,0.008,120.6,0,0,0,0,0,0,0,0,0,50.46
2020-09-14,106,22391,137,367,4,3.714,436.734,2.068,2.672,7.158,0.078,0.072,0.75,7961,2123526,41.419,0.155,17048,0.333,0.008,124.4,0,0,0,0,0,0,0,0,0,50.46
2020-09-15,113,22504,130.857,367,0,3.286,438.938,2.204,2.552,7.158,0,0.064,0.74,13742,2137268,41.687,0.268,16366,0.319,0.008,125.1,0,0,0,0,0,0,0,0,0,50.46
2020-09-16,153,22657,130.571,372,5,3.714,441.922,2.984,2.547,7.256,0.098,0.072,0.78,15722,2152990,41.994,0.307,15327,0.299,0.009,117.4,0,0,0,0,0,0,0,0,0,50.46
2020-09-17,126,22783,123.429,377,5,3.857,444.38,2.458,2.407,7.353,0.098,0.075,0.75,13394,2166384,42.255,0.261,14259,0.278,0.009,115.5,0,0,0,0,0,0,0,0,0,50.46
2020-09-18,110,22893,119.714,378,1,3.286,446.526,2.146,2.335,7.373,0.02,0.064,0.72,14578,2180962,42.539,0.284,13025,0.254,0.009,108.8,0,0,0,0,0,0,0,0,0,50.46
2020-09-19,82,22975,114.143,383,5,3.571,448.125,1.599,2.226,7.47,0.098,0.07,0.68,13495,2194457,42.803,0.263,12404,0.242,0.009,108.7,0,0,0,0,0,0,0,0,0,50.46
2020-09-20,70,23045,108.571,385,2,3.143,449.49,1.365,2.118,7.509,0.039,0.061,0.69,7970,2202427,42.958,0.155,12409,0.242,0.009,114.3,0,0,0,0,0,0,0,0,0,50.46
2020-09-21,61,23106,102.143,388,3,3,450.68,1.19,1.992,7.568,0.059,0.059,0.73,6626,2209053,43.087,0.129,12218,0.238,0.008,119.6,0,0,0,0,0,0,0,0,0,48.61
2020-09-22,110,23216,101.714,388,0,3,452.826,2.146,1.984,7.568,0,0.059,0.79,12837,2221890,43.338,0.25,12089,0.236,0.008,118.9,0,0,0,0,0,0,0,0,0,48.61
2020-09-23,125,23341,97.714,393,5,3,455.264,2.438,1.906,7.665,0.098,0.059,0.84,14482,2236372,43.62,0.282,11912,0.232,0.008,121.9,0,0,0,0,0,0,0,0,0,48.61
2020-09-24,114,23455,96,395,2,2.571,457.487,2.224,1.872,7.704,0.039,0.05,0.82,11845,2248217,43.851,0.231,11690,0.228,0.008,121.8,0,0,0,0,0,0,0,0,0,48.61
2020-09-25,61,23516,89,399,4,3,458.677,1.19,1.736,7.782,0.078,0.059,0.74,12484,2260701,44.095,0.243,11391,0.222,0.008,128,0,0,0,0,0,0,0,0,0,48.61
2020-09-26,95,23611,90.857,401,2,2.571,460.53,1.853,1.772,7.821,0.039,0.05,0.75,11136,2271837,44.312,0.217,11054,0.216,0.008,121.7,0,0,0,0,0,0,0,0,0,48.61
2020-09-27,50,23661,88,406,5,3,461.505,0.975,1.716,7.919,0.098,0.059,0.71,5802,2277639,44.425,0.113,10745,0.21,0.008,122.1,0,0,0,0,0,0,0,0,0,48.61
2020-09-28,38,23699,84.714,407,1,2.714,462.246,0.741,1.652,7.938,0.02,0.053,0.73,5077,2282716,44.524,0.099,10523,0.205,0.008,124.2,0,0,0,0,0,0,0,0,0,60.19
2020-09-29,113,23812,85.143,413,6,3.571,464.451,2.204,1.661,8.056,0.117,0.07,0.82,10272,2292988,44.724,0.2,10157,0.198,0.008,119.3,0,0,0,0,0,0,0,0,0,60.19
2020-09-30,77,23889,78.286,415,2,3.143,465.952,1.502,1.527,8.095,0.039,0.061,0.78,9415,2302403,44.908,0.184,9433,0.184,0.008,120.5,0,0,0,0,0,0,0,0,0,60.19
2020-10-01,63,23952,71,416,1,3,467.181,1.229,1.385,8.114,0.02,0.059,0.78,6003,2308406,45.025,0.117,8598,0.168,0.008,121.1,0,0,0,0,0,0,0,0,0,60.19
2020-10-02,75,24027,73,420,4,3,468.644,1.463,1.424,8.192,0.078,0.059,0.83,5376,2313782,45.13,0.105,7583,0.148,0.01,103.9,0,0,0,0,0,0,0,0,0,60.19
2020-10-03,64,24091,68.571,421,1,2.857,469.892,1.248,1.337,8.212,0.02,0.056,0.87,4790,2318572,45.224,0.093,6676,0.13,0.01,97.4,0,0,0,0,0,0,0,0,0,62.96
2020-10-04,73,24164,71.857,422,1,2.286,471.316,1.424,1.402,8.231,0.02,0.045,0.94,5657,2324229,45.334,0.11,6656,0.13,0.011,92.6,0,0,0,0,0,0,0,0,0,60.19
2020-10-05,75,24239,77.143,422,0,2.143,472.779,1.463,1.505,8.231,0,0.042,1.01,5702,2329931,45.445,0.111,6745,0.132,0.011,87.4,0,0,0,0,0,0,0,0,0,65.74
2020-10-06,114,24353,77.286,425,3,1.714,475.003,2.224,1.507,8.29,0.059,0.033,1,12765,2342696,45.694,0.249,7101,0.139,0.011,91.9,0,0,0,0,0,0,0,0,0,65.74
2020-10-07,69,24422,76.143,427,2,1.714,476.349,1.346,1.485,8.329,0.039,0.033,0.87,13239,2355935,45.952,0.258,7647,0.149,0.01,100.4,0,0,0,0,0,0,0,0,0,65.74
2020-10-08,54,24476,74.857,428,1,1.714,477.402,1.053,1.46,8.348,0.02,0.033,0.83,11931,2367866,46.185,0.233,8494,0.166,0.009,113.5,0,0,0,0,0,0,0,0,0,65.74
2020-10-09,72,24548,74.429,430,2,1.429,478.806,1.404,1.452,8.387,0.039,0.028,0.91,11668,2379534,46.413,0.228,9393,0.183,0.008,126.2,0,0,0,0,0,0,0,0,0,60.19
2020-10-10,58,24606,73.571,432,2,1.571,479.937,1.131,1.435,8.426,0.039,0.031,0.98,6168,2385702,46.533,0.12,9590,0.187,0.008,130.4,0,0,0,0,0,0,0,0,0,60.19
2020-10-11,97,24703,77,433,1,1.571,481.829,1.892,1.502,8.446,0.02,0.031,1.13,5478,2391180,46.64,0.107,9564,0.187,0.008,124.2,0,0,0,0,0,0,0,0,0,60.19
2020-10-12,102,24805,80.857,434,1,1.714,483.819,1.989,1.577,8.465,0.02,0.033,1.17,5238,2396418,46.742,0.102,9498,0.185,0.009,117.5,0,0,0,0,0,0,0,0,0,56.94
2020-10-13,84,24889,76.571,438,4,1.857,485.457,1.638,1.494,8.543,0.078,0.036,1.04,12229,2408647,46.98,0.239,9422,0.184,0.008,123,0,0,0,0,0,0,0,0,0,56.94
2020-10-14,99,24988,80.857,439,1,1.714,487.388,1.931,1.577,8.563,0.02,0.033,0.97,14411,2423058,47.261,0.281,9589,0.187,0.008,118.6,0,0,0,0,0,0,0,0,0,56.94
2020-10-15,47,25035,79.857,441,2,1.857,488.305,0.917,1.558,8.602,0.039,0.036,0.87,9419,2432477,47.445,0.184,9230,0.18,0.009,115.6,0,0,0,0,0,0,0,0,0,56.94
2020-10-16,73,25108,80,443,2,1.857,489.729,1.424,1.56,8.641,0.039,0.036,0.96,9594,2442071,47.632,0.187,8934,0.174,0.009,111.7,0,0,0,0,0,0,0,0,0,56.94
2020-10-17,91,25199,84.714,444,1,1.714,491.504,1.775,1.652,8.66,0.02,0.033,1.05,9138,2451209,47.811,0.178,9358,0.183,0.009,110.5,0,0,0,0,0,0,0,0,0,56.94
2020-10-18,76,25275,81.714,444,0,1.571,492.986,1.482,1.594,8.66,0,0.031,1.03,5539,2456748,47.919,0.108,9367,0.183,0.009,114.6,0,0,0,0,0,0,0,0,0,56.94
2020-10-19,58,25333,75.429,447,3,1.857,494.117,1.131,1.471,8.719,0.059,0.036,1.05,5715,2462463,48.03,0.111,9435,0.184,0.008,125.1,0,0,0,0,0,0,0,0,0,56.94
2020-10-20,91,25424,76.429,450,3,1.714,495.892,1.775,1.491,8.777,0.059,0.033,1.14,9469,2471932,48.215,0.185,9041,0.176,0.008,118.3,0,0,0,0,0,0,0,0,0,56.94
2020-10-21,119,25543,79.286,453,3,2,498.214,2.321,1.546,8.836,0.059,0.039,1.25,12066,2483998,48.45,0.235,8706,0.17,0.009,109.8,0,0,0,0,0,0,0,0,0,56.94
2020-10-22,155,25698,94.714,455,2,2,501.237,3.023,1.847,8.875,0.039,0.039,1.3,11514,2495512,48.675,0.225,9005,0.176,0.011,95.1,0,0,0,0,0,0,0,0,0,56.94
2020-10-23,77,25775,95.286,457,2,2,502.739,1.502,1.859,8.914,0.039,0.039,1.11,12679,2508191,48.922,0.247,9446,0.184,0.01,99.1,0,0,0,0,0,0,0,0,0,56.94
2020-10-24,61,25836,91,457,0,1.857,503.928,1.19,1.775,8.914,0,0.036,1.05,10600,2518791,49.129,0.207,9655,0.188,0.009,106.1,0,0,0,0,0,0,0,0,0,56.94
2020-10-25,119,25955,97.143,457,0,1.857,506.25,2.321,1.895,8.914,0,0.036,1.16,5673,2524464,49.239,0.111,9674,0.189,0.01,99.6,0,0,0,0,0,0,0,0,0,51.39
2020-10-26,88,26043,101.429,460,3,1.857,507.966,1.716,1.978,8.972,0.059,0.036,1.15,7037,2531501,49.377,0.137,9863,0.192,0.01,97.2,0,0,0,0,0,0,0,0,0,51.39
2020-10-27,103,26146,103.143,461,1,1.571,509.975,2.009,2.012,8.992,0.02,0.031,1.12,13083,2544584,49.632,0.255,10379,0.202,0.01,100.6,0,0,0,0,0,0,0,0,0,51.39
2020-10-28,125,26271,104,462,1,1.286,512.413,2.438,2.029,9.011,0.02,0.025,1.14,15472,2560056,49.934,0.302,10865,0.212,0.01,104.5,0,0,0,0,0,0,0,0,0,51.39
2020-10-29,114,26385,98.143,463,1,1.143,514.637,2.224,1.914,9.031,0.02,0.022,1.13,11774,2571830,50.163,0.23,10903,0.213,0.009,111.1,0,0,0,0,0,0,0,0,0,51.39
2020-10-30,126,26511,105.143,464,1,1,517.094,2.458,2.051,9.05,0.02,0.02,1.18,14028,2585858,50.437,0.274,11095,0.216,0.009,105.5,0,0,0,0,0,0,0,0,0,51.39
2020-10-31,124,26635,114.143,466,2,1.286,519.513,2.419,2.226,9.089,0.039,0.025,1.15,12956,2598814,50.69,0.253,11432,0.223,0.01,100.2,0,0,0,0,0,0,0,0,0,51.39
2020-11-01,97,26732,111,468,2,1.571,521.405,1.892,2.165,9.128,0.039,0.031,1.06,6978,2605792,50.826,0.136,11618,0.227,0.01,104.7,0,0,0,0,0,0,0,0,0,51.39
2020-11-02,75,26807,109.143,472,4,1.714,522.868,1.463,2.129,9.206,0.078,0.033,1.03,5334,2611126,50.93,0.104,11375,0.222,0.01,104.2,0,0,0,0,0,0,0,0,0,51.39
2020-11-03,118,26925,111.286,474,2,1.857,525.169,2.302,2.171,9.245,0.039,0.036,1.06,12918,2624044,51.182,0.252,11351,0.221,0.01,102,0,0,0,0,0,0,0,0,0,51.39
2020-11-04,125,27050,111.286,475,1,1.857,527.607,2.438,2.171,9.265,0.02,0.036,1.09,13961,2638005,51.454,0.272,11136,0.217,0.01,100.1,0,0,0,0,0,0,0,0,0,51.39
2020-11-05,145,27195,115.714,476,1,1.857,530.436,2.828,2.257,9.284,0.02,0.036,1.11,10639,2648644,51.662,0.208,10973,0.214,0.011,94.8,0,0,0,0,0,0,0,0,0,51.39
2020-11-06,89,27284,110.429,477,1,1.857,532.172,1.736,2.154,9.304,0.02,0.036,1.08,12041,2660685,51.896,0.235,10690,0.209,0.01,96.8,0,0,0,0,0,0,0,0,0,51.39
2020-11-07,143,27427,113.143,478,1,1.714,534.961,2.789,2.207,9.323,0.02,0.033,1.17,10347,2671032,52.098,0.202,10317,0.201,0.011,91.2,0,0,0,0,0,0,0,0,0,51.39
2020-11-08,126,27553,117.286,480,2,1.714,537.418,2.458,2.288,9.362,0.039,0.033,1.18,6200,2677232,52.219,0.121,10206,0.199,0.011,87,0,0,0,0,0,0,0,0,0,51.39
2020-11-09,100,27653,120.857,485,5,1.857,539.369,1.95,2.357,9.46,0.098,0.036,1.16,6165,2683397,52.339,0.12,10324,0.201,0.012,85.4,0,0,0,0,0,0,0,0,0,51.39
2020-11-10,146,27799,124.857,487,2,1.857,542.217,2.848,2.435,9.499,0.039,0.036,1.2,12708,2696105,52.587,0.248,10294,0.201,0.012,82.4,0,0,0,0,0,0,0,0,0,51.39
2020-11-11,143,27942,127.429,487,0,1.714,545.006,2.789,2.485,9.499,0,0.033,1.25,11741,2707846,52.816,0.229,9977,0.195,0.013,78.3,0,0,0,0,0,0,0,0,0,51.39
2020-11-12,191,28133,134,488,1,1.714,548.731,3.725,2.614,9.518,0.02,0.033,1.37,12642,2720488,53.063,0.247,10263,0.2,0.013,76.6,0,0,0,0,0,0,0,0,0,51.39
2020-11-13,205,28338,150.571,492,4,2.143,552.73,3.999,2.937,9.596,0.078,0.042,1.48,10804,2731292,53.274,0.211,10087,0.197,0.015,67,0,0,0,0,0,0,0,0,0,51.39
2020-11-14,208,28546,159.857,493,1,2.143,556.787,4.057,3.118,9.616,0.02,0.042,1.52,11305,2742597,53.494,0.221,10224,0.199,0.016,64,0,0,0,0,0,0,0,0,0,51.39
2020-11-15,223,28769,173.714,494,1,2,561.136,4.35,3.388,9.635,0.02,0.039,1.57,7903,2750500,53.648,0.154,10467,0.204,0.017,60.3,0,0,0,0,0,0,0,0,0,51.39
2020-11-16,229,28998,192.143,494,0,1.286,565.603,4.467,3.748,9.635,0,0.025,1.6,8877,2759377,53.821,0.173,10854,0.212,0.018,56.5,0,0,0,0,0,0,0,0,0,51.39
2020-11-17,313,29311,216,496,2,1.286,571.708,6.105,4.213,9.674,0.039,0.025,1.64,15176,2774553,54.117,0.296,11207,0.219,0.019,51.9,0,0,0,0,0,0,0,0,0,51.39
2020-11-18,343,29654,244.571,498,2,1.571,578.398,6.69,4.77,9.713,0.039,0.031,1.62,17121,2791674,54.451,0.334,11975,0.234,0.02,49,0,0,0,0,0,0,0,0,0,51.39
2020-11-19,363,30017,269.143,501,3,1.857,585.478,7.08,5.25,9.772,0.059,0.036,1.57,16644,2808318,54.776,0.325,12547,0.245,0.021,46.6,0,0,0,0,0,0,0,0,0,51.39
2020-11-20,386,30403,295,503,2,1.571,593.007,7.529,5.754,9.811,0.039,0.031,1.53,16982,2825300,55.107,0.331,13430,0.262,0.022,45.5,0,0,0,0,0,0,0,0,0,51.39
2020-11-21,330,30733,312.429,505,2,1.714,599.444,6.437,6.094,9.85,0.039,0.033,1.42,20101,2845401,55.499,0.392,14686,0.286,0.021,47,0,0,0,0,0,0,0,0,0,51.39
2020-11-22,271,31004,319.286,509,4,2.143,604.73,5.286,6.228,9.928,0.078,0.042,1.36,9460,2854861,55.684,0.185,14909,0.291,0.021,46.7,0,0,0,0,0,0,0,0,0,51.39
2020-11-23,349,31353,336.429,510,1,2.286,611.537,6.807,6.562,9.947,0.02,0.045,1.41,10819,2865680,55.895,0.211,15186,0.296,0.022,45.1,0,0,0,0,0,0,0,0,0,56.94
2020-11-24,382,31735,346.286,513,3,2.429,618.988,7.451,6.754,10.006,0.059,0.047,1.44,22950,2888630,56.342,0.448,16297,0.318,0.021,47.1,0,0,0,0,0,0,0,0,0,54.17
2020-11-25,583,32318,380.571,515,2,2.429,630.359,11.371,7.423,10.045,0.039,0.047,1.54,21937,2910567,56.77,0.428,16985,0.331,0.022,44.6,0,0,0,0,0,0,0,0,0,54.17
2020-11-26,569,32887,410,516,1,2.143,641.457,11.098,7.997,10.065,0.02,0.042,1.48,22118,2932685,57.202,0.431,17767,0.347,0.023,43.3,0,0,0,0,0,0,0,0,0,57.87
2020-11-27,488,33375,424.571,522,6,2.714,650.976,9.518,8.281,10.182,0.117,0.053,1.36,20255,2952940,57.597,0.395,18234,0.356,0.023,42.9,0,0,0,0,0,0,0,0,0,57.87
2020-11-28,449,33824,441.571,523,1,2.571,659.734,8.758,8.613,10.201,0.02,0.05,1.27,20270,2973210,57.992,0.395,18258,0.356,0.024,41.3,0,0,0,0,0,0,0,0,0,57.87
2020-11-29,377,34201,456.714,526,3,2.429,667.087,7.353,8.908,10.26,0.059,0.047,1.23,10932,2984142,58.205,0.213,18469,0.36,0.025,40.4,0,0,0,0,0,0,0,0,0,57.87
2020-11-30,451,34652,471.286,526,0,2.286,675.884,8.797,9.192,10.26,0,0.045,1.23,13665,2997807,58.472,0.267,18875,0.368,0.025,40,0,0,0,0,0,0,0,0,0,57.87
2020-12-01,511,35163,489.714,526,0,1.857,685.851,9.967,9.552,10.26,0,0.036,1.23,21298,3019105,58.887,0.415,18639,0.364,0.026,38.1,0,0,0,0,0,0,0,0,0,60.65
2020-12-02,540,35703,483.571,529,3,2,696.383,10.533,9.432,10.318,0.059,0.039,1.24,22711,3041816,59.33,0.443,18750,0.366,0.026,38.8,0,0,0,0,0,0,0,0,0,60.65
2020-12-03,629,36332,492.143,536,7,2.857,708.652,12.269,9.599,10.455,0.137,0.056,1.28,24282,3066098,59.804,0.474,19059,0.372,0.026,38.7,0,0,0,0,0,0,0,0,0,60.65
2020-12-04,583,36915,505.714,540,4,2.571,720.023,11.371,9.864,10.533,0.078,0.05,1.28,27295,3093393,60.336,0.532,20065,0.391,0.025,39.7,0,0,0,0,0,0,0,0,0,60.65
2020-12-05,631,37546,531.714,545,5,3.143,732.331,12.308,10.371,10.63,0.098,0.061,1.3,20836,3114229,60.743,0.406,20146,0.393,0.026,37.9,0,0,0,0,0,0,0,0,0,60.65
2020-12-06,615,38161,565.714,549,4,3.286,744.326,11.996,11.034,10.708,0.078,0.064,1.32,12922,3127151,60.995,0.252,20430,0.398,0.028,36.1,0,0,0,0,0,0,0,0,0,60.65
2020-12-07,594,38755,586.143,552,3,3.714,755.912,11.586,11.433,10.767,0.059,0.072,1.27,14215,3141366,61.272,0.277,20508,0.4,0.029,35,0,0,0,0,0,0,0,0,0,60.65
2020-12-08,677,39432,609.857,556,4,4.286,769.117,13.205,11.895,10.845,0.078,0.084,1.24,8685,3150051,61.441,0.169,18707,0.365,0.033,30.7,0,0,0,0,0,0,0,0,0,57.87
2020-12-09,666,40098,627.857,564,8,5,782.107,12.99,12.246,11.001,0.156,0.098,1.23,28105,3178156,61.99,0.548,19477,0.38,0.032,31,0,0,0,0,0,0,0,0,0,57.87
2020-12-10,688,40786,636.286,572,8,5.143,795.527,13.419,12.411,11.157,0.156,0.1,1.28,27027,3205183,62.517,0.527,19869,0.388,0.032,31.2,0,0,0,0,0,0,0,0,0,57.87
2020-12-11,950,41736,688.714,578,6,5.429,814.056,18.53,13.433,11.274,0.117,0.106,1.4,28342,3233525,63.07,0.553,20019,0.39,0.034,29.1,0,0,0,0,0,0,0,0,0,57.87
2020-12-12,1030,42766,745.714,580,2,5,834.146,20.09,14.545,11.313,0.039,0.098,1.43,29597,3263122,63.647,0.577,21270,0.415,0.035,28.5,0,0,0,0,0,0,0,0,0,57.87
2020-12-13,718,43484,760.429,587,7,5.429,848.151,14.005,14.832,11.449,0.137,0.106,1.36,21344,3284466,64.063,0.416,22474,0.438,0.034,29.6,0,0,0,0,0,0,0,0,0,57.87
2020-12-14,880,44364,801.286,600,13,6.857,865.315,17.164,15.629,11.703,0.254,0.134,1.35,23326,3307792,64.518,0.455,23775,0.464,0.034,29.7,0,0,0,0,0,0,0,0,0,57.87
2020-12-15,1078,45442,858.571,612,12,8,886.341,21.026,16.746,11.937,0.234,0.156,1.33,,,,,28691,0.56,0.03,33.4,0,0,0,0,0,0,0,0,0,57.87
2020-12-16,1011,46453,907.857,634,22,10,906.061,19.719,17.708,12.366,0.429,0.195,1.28,,3393985,66.199,,30833,0.601,0.029,34,0,0,0,0,0,0,0,0,0,57.87
2020-12-17,1062,47515,961.286,645,11,10.429,926.775,20.714,18.75,12.581,0.215,0.203,1.25,45597,3439582,67.089,0.889,33486,0.653,0.029,34.8,0,0,0,0,0,0,0,0,0,57.87
2020-12-18,1055,48570,976.286,659,14,11.571,947.353,20.578,19.042,12.854,0.273,0.226,1.23,39595,3479177,67.861,0.772,35093,0.684,0.028,35.9,0,0,0,0,0,0,0,0,0,57.87
2020-12-19,1095,49665,985.571,674,15,13.429,968.711,21.358,19.223,13.146,0.293,0.262,1.21,40837,3520014,68.658,0.797,36699,0.716,0.027,37.2,0,0,0,0,0,0,0,0,0,57.87
2020-12-20,926,50591,1015.286,698,24,15.857,986.772,18.062,19.803,13.614,0.468,0.309,1.17,23605,3543619,69.118,0.46,37022,0.722,0.027,36.5,0,0,0,0,0,0,0,0,0,57.87
2020-12-21,869,51460,1013.714,722,24,17.429,1003.722,16.95,19.772,14.083,0.468,0.34,1.12,23804,3567423,69.582,0.464,37090,0.723,0.027,36.6,0,0,0,0,0,0,0,0,0,57.87
2020-12-22,1090,52550,1015.429,739,17,18.143,1024.982,21.26,19.806,14.414,0.332,0.354,1.1,53880,3621303,70.633,1.051,38631,0.753,0.026,38,0,0,0,0,0,0,0,0,0,61.57
2020-12-23,983,53533,1011.429,756,17,17.429,1044.156,19.173,19.728,14.746,0.332,0.34,1.09,52159,3673462,71.65,1.017,39925,0.779,0.025,39.5,0,0,0,0,0,0,0,0,0,67.13
2020-12-24,1237,54770,1036.429,773,17,18.286,1068.283,24.128,20.215,15.077,0.332,0.357,1.12,58215,3731677,72.786,1.135,41728,0.814,0.025,40.3,0,0,0,0,0,0,0,0,0,68.98
2020-12-25,1132,55902,1047.429,793,20,19.143,1090.363,22.08,20.43,15.467,0.39,0.373,1.09,50891,3782568,73.779,0.993,43342,0.845,0.024,41.4,0,0,0,0,0,0,0,0,0,68.98
2020-12-26,970,56872,1029.571,808,15,19.143,1109.282,18.92,20.082,15.76,0.293,0.373,1.05,29835,3812403,74.361,0.582,41770,0.815,0.025,40.6,0,0,0,0,0,0,0,0,0,68.98
2020-12-27,808,57680,1012.714,819,11,17.286,1125.042,15.76,19.753,15.975,0.215,0.337,1.03,27033,3839436,74.888,0.527,42260,0.824,0.024,41.7,0,0,0,0,0,0,0,0,0,68.98
2020-12-28,1045,58725,1037.857,859,40,19.571,1145.425,20.383,20.243,16.755,0.78,0.382,1.04,28993,3868429,75.453,0.566,43001,0.839,0.024,41.4,0,0,0,0,0,0,0,0,0,68.98
2020-12-29,1048,59773,1031.857,879,20,20,1165.866,20.441,20.126,17.145,0.39,0.39,0.99,58790,3927219,76.6,1.147,43702,0.852,0.024,42.4,0,0,0,0,0,0,0,0,0,68.98
2020-12-30,967,60740,1029.571,900,21,20.571,1184.727,18.861,20.082,17.554,0.41,0.401,0.95,60532,3987751,77.781,1.181,44898,0.876,0.023,43.6,0,0,0,0,0,0,0,0,0,68.98
2020-12-31,1029,61769,999.857,917,17,20.571,1204.798,20.071,19.502,17.886,0.332,0.401,0.92,55791,4043542,78.869,1.088,44552,0.869,0.022,44.6,0,0,0,0,0,0,0,0,0,68.98
2021-01-01,824,62593,955.857,942,25,21.286,1220.87,16.072,18.644,18.374,0.488,0.415,0.88,48849,4092391,79.822,0.953,44260,0.863,0.022,46.3,0,0,0,0,0,0,0,0,0,66.2
2021-01-02,651,63244,910.286,962,20,22,1233.568,12.698,17.755,18.764,0.39,0.429,0.88,31021,4123412,80.427,0.605,44430,0.867,0.02,48.8,0,0,0,0,0,0,0,0,0,67.59
2021-01-03,1020,64264,940.571,981,19,23.143,1253.463,19.895,18.346,19.134,0.371,0.451,0.96,30954,4154366,81.03,0.604,44990,0.878,0.021,47.8,0,0,0,0,0,0,0,0,0,67.59
2021-01-04,715,64979,893.429,1007,26,21.143,1267.409,13.946,17.426,19.641,0.507,0.412,0.9,31510,4185876,81.645,0.615,45350,0.885,0.02,50.8,0,0,0,0,0,0,0,0,0,67.59
2021-01-05,839,65818,863.571,1027,20,21.143,1283.773,16.365,16.844,20.032,0.39,0.412,0.86,59734,4245610,82.81,1.165,45484,0.887,0.019,52.7,0,0,0,0,0,0,0,0,0,67.59
2021-01-06,868,66686,849.429,1046,19,20.857,1300.703,16.93,16.568,20.402,0.371,0.407,0.83,67176,4312786,84.12,1.31,46434,0.906,0.018,54.7,0,0,0,0,0,0,0,0,0,67.59
2021-01-07,672,67358,798.429,1081,35,23.429,1313.811,13.107,15.573,21.085,0.683,0.457,0.77,65261,4378047,85.393,1.273,47786,0.932,0.017,59.9,0,0,0,0,0,0,0,0,0,63.89
2021-01-08,641,67999,772.286,1100,19,22.571,1326.313,12.503,15.063,21.455,0.371,0.44,0.76,61505,4439552,86.593,1.2,49594,0.967,0.016,64.2,0,0,0,0,0,0,0,0,0,63.89
2021-01-09,665,68664,774.286,1125,25,23.286,1339.284,12.971,15.102,21.943,0.488,0.454,0.77,64141,4503693,87.844,1.251,54326,1.06,0.014,70.2,0,0,0,0,0,0,0,0,0,63.89
2021-01-10,450,69114,692.857,1140,15,22.714,1348.061,8.777,13.514,22.236,0.293,0.443,0.74,28317,4532010,88.396,0.552,53949,1.052,0.013,77.9,0,0,0,0,0,0,0,0,0,63.89
2021-01-11,537,69651,667.429,1165,25,22.571,1358.535,10.474,13.018,22.723,0.488,0.44,0.75,29912,4561922,88.98,0.583,53721,1.048,0.012,80.5,0,0,0,0,0,0,0,0,0,63.89
2021-01-12,561,70212,627.714,1185,20,22.571,1369.478,10.942,12.244,23.113,0.39,0.44,0.72,65393,4627315,90.255,1.275,54529,1.064,0.012,86.9,0,0,0,0,0,0,0,0,0,63.89
2021-01-13,516,70728,577.429,1195,10,21.286,1379.542,10.065,11.263,23.308,0.195,0.415,0.71,62083,4689398,91.466,1.211,53802,1.049,0.011,93.2,0,0,0,0,0,0,0,0,0,63.89
2021-01-14,513,71241,554.714,1217,22,19.429,1389.548,10.006,10.82,23.737,0.429,0.379,0.74,66219,4755617,92.758,1.292,53939,1.052,0.01,97.2,0,0,0,0,0,0,0,0,0,63.89
2021-01-15,579,71820,545.857,1236,19,19.429,1400.842,11.293,10.647,24.108,0.371,0.379,0.79,60135,4815752,93.931,1.173,53743,1.048,0.01,98.5,0,0,0,0,0,0,0,0,0,63.89
2021-01-16,520,72340,525.143,1249,13,17.714,1410.984,10.143,10.243,24.362,0.254,0.346,0.79,60879,4876631,95.118,1.187,53277,1.039,0.01,101.5,0,0,0,0,0,0,0,0,0,63.89
2021-01-17,389,72729,516.429,1264,15,17.714,1418.571,7.587,10.073,24.654,0.293,0.346,0.76,25274,4901905,95.611,0.493,52842,1.031,0.01,102.3,0,0,0,0,0,0,0,0,0,63.89
2021-01-18,386,73115,494.857,1283,19,16.857,1426.1,7.529,9.652,25.025,0.371,0.329,0.73,27280,4929185,96.143,0.532,52466,1.023,0.009,106,0,0,0,0,0,0,0,0,0,63.89
2021-01-19,403,73518,472.286,1300,17,16.429,1433.961,7.86,9.212,25.356,0.332,0.32,0.69,56796,4985981,97.251,1.108,51238,0.999,0.009,108.5,0,0,0,0,0,0,0,0,0,63.89
2021-01-20,400,73918,455.714,1316,16,17.286,1441.763,7.802,8.889,25.668,0.312,0.337,0.69,58007,5043988,98.382,1.131,50656,0.988,0.009,111.2,0,0,0,0,0,0,0,0,0,63.89
2021-01-21,344,74262,431.571,1328,12,15.857,1448.472,6.71,8.418,25.902,0.234,0.309,0.72,52550,5096538,99.407,1.025,48703,0.95,0.009,112.9,0,0,0,0,0,0,0,0,0,63.89
2021-01-22,430,74692,410.286,1337,9,14.429,1456.86,8.387,8.003,26.078,0.176,0.281,0.8,52554,5149092,100.432,1.025,47620,0.929,0.009,116.1,0,0,0,0,0,0,0,0,0,63.89
2021-01-23,392,75084,392,1349,12,14.286,1464.505,7.646,7.646,26.312,0.234,0.279,0.87,43986,5193078,101.29,0.858,45207,0.882,0.009,115.3,0,0,0,0,0,0,0,0,0,63.89
2021-01-24,437,75521,398.857,1360,11,13.714,1473.029,8.524,7.78,26.527,0.215,0.267,0.94,25506,5218584,101.788,0.497,45240,0.882,0.009,113.4,0,0,0,0,0,0,0,0,0,63.89
2021-01-25,354,75875,394.286,1371,11,12.571,1479.934,6.905,7.691,26.741,0.215,0.245,0.94,22953,5241537,102.236,0.448,44622,0.87,0.009,113.2,0,0,0,0,0,0,0,0,0,63.89
2021-01-26,554,76429,415.857,1378,7,11.143,1490.74,10.806,8.111,26.878,0.137,0.217,0.98,42607,5284144,103.067,0.831,42595,0.831,0.01,102.4,0,0,0,0,0,0,0,0,0,63.89
2021-01-27,497,76926,429.714,1386,8,10,1500.434,9.694,8.382,27.034,0.156,0.195,0.96,46676,5330820,103.977,0.91,40976,0.799,0.01,95.4,0,0,0,0,0,0,0,0,0,63.89
2021-01-28,469,77395,447.571,1399,13,10.143,1509.581,9.148,8.73,27.287,0.254,0.198,0.95,51945,5382765,104.99,1.013,40890,0.798,0.011,91.4,0,0,0,0,0,0,0,0,0,63.89
2021-01-29,455,77850,451.143,1414,15,11,1518.456,8.875,8.799,27.58,0.293,0.215,0.92,43746,5426511,105.844,0.853,39631,0.773,0.011,87.8,0,0,0,0,0,0,0,0,0,63.89
2021-01-30,355,78205,445.857,1420,6,10.143,1525.38,6.924,8.696,27.697,0.117,0.198,0.88,44224,5470735,106.706,0.863,39665,0.774,0.011,89,0,0,0,0,0,0,0,0,0,63.89
2021-01-31,303,78508,426.714,1425,5,9.286,1531.29,5.91,8.323,27.794,0.098,0.181,0.87,20535,5491270,107.107,0.401,38955,0.76,0.011,91.3,0,0,0,0,0,0,0,0,0,63.89
2021-02-01,336,78844,424.143,1435,10,9.143,1537.844,6.554,8.273,27.99,0.195,0.178,0.9,21116,5512386,107.519,0.412,38693,0.755,0.011,91.2,0,0,0,0,0,0,0,0,0,63.89
2021-02-02,467,79311,411.714,1441,6,9,1546.953,9.109,8.03,28.107,0.117,0.176,0.92,44762,5557148,108.392,0.873,39001,0.761,0.011,94.7,0,0,0,0,0,0,0,0,0,63.89
2021-02-03,451,79762,405.143,1448,7,8.857,1555.749,8.797,7.902,28.243,0.137,0.173,0.91,60717,5617865,109.576,1.184,41006,0.8,0.01,101.2,0,0,0,0,0,0,0,0,0,63.89
2021-02-04,369,80131,390.857,1459,11,8.571,1562.947,7.197,7.624,28.458,0.215,0.167,0.9,64692,5682557,110.838,1.262,42827,0.835,0.009,109.6,0,0,0,0,0,0,0,0,0,63.89
2021-02-05,393,80524,382,1464,5,7.143,1570.612,7.665,7.451,28.555,0.098,0.139,0.91,57164,5739721,111.953,1.115,44744,0.873,0.009,117.1,0,0,0,0,0,0,0,0,0,63.89
2021-02-06,372,80896,384.429,1471,7,7.286,1577.868,7.256,7.498,28.692,0.137,0.142,0.92,,,,,43838,0.855,0.009,114,0,0,0,0,0,0,0,0,0,63.89
2021-02-07,289,81185,382.429,1474,3,7,1583.505,5.637,7.459,28.75,0.059,0.137,0.92,,,,,46315,0.903,0.008,121.1,0,0,0,0,0,0,0,0,0,63.89
2021-02-08,302,81487,377.571,1482,8,6.714,1589.395,5.89,7.364,28.906,0.156,0.131,0.94,,5853354,114.169,,48710,0.95,0.008,129,0,0,0,0,0,0,0,0,0,63.89
2021-02-09,443,81930,374.143,1486,4,6.429,1598.036,8.641,7.298,28.984,0.078,0.125,0.99,,,,,48746,0.951,0.008,130.3,0,0,0,0,0,0,0,0,0,63.89
2021-02-10,504,82434,381.714,1496,10,6.857,1607.866,9.83,7.445,29.179,0.195,0.134,1.02,,,,,46502,0.907,0.008,121.8,0,0,0,0,0,0,0,0,0,63.89
2021-02-11,403,82837,386.571,1507,11,6.857,1615.727,7.86,7.54,29.394,0.215,0.134,0.99,,5988394,116.803,,43691,0.852,0.009,113,0,0,0,0,0,0,0,0,0,63.89
2021-02-12,362,83199,382.143,1514,7,7.143,1622.788,7.061,7.454,29.53,0.137,0.139,0.97,24114,6012508,117.273,0.47,38970,0.76,0.01,102,0,0,0,0,0,0,0,0,0,63.89
2021-02-13,326,83525,375.571,1522,8,7.286,1629.146,6.359,7.325,29.686,0.156,0.142,1,,,,,37085,0.723,0.01,98.7,0,0,0,0,0,0,0,0,0,63.89
2021-02-14,344,83869,383.429,1527,5,7.571,1635.856,6.71,7.479,29.784,0.098,0.148,1.09,,6061886,118.236,,35201,0.687,0.011,91.8,0,0,0,0,0,0,0,0,0,63.89
2021-02-15,456,84325,405.429,1534,7,7.429,1644.75,8.894,7.908,29.921,0.137,0.145,1.2,20828,6082714,118.643,0.406,32766,0.639,0.012,80.8,0,0,0,0,0,0,0,0,0,63.89
2021-02-16,621,84946,430.857,1538,4,7.429,1656.863,12.113,8.404,29.999,0.078,0.145,1.26,53879,6136593,119.694,1.051,34032,0.664,0.013,79,0,0,0,0,0,0,0,0,0,63.89
2021-02-17,621,85567,447.571,1544,6,6.857,1668.975,12.113,8.73,30.116,0.117,0.134,1.24,51564,6188157,120.699,1.006,34968,0.682,0.013,78.1,0,0,0,0,0,0,0,0,0,63.89
2021-02-18,561,86128,470.143,1550,6,6.143,1679.918,10.942,9.17,30.233,0.117,0.12,1.15,44337,6232494,121.564,0.865,34871,0.68,0.013,74.2,0,0,0,0,0,0,0,0,0,63.89
2021-02-19,446,86574,482.143,1553,3,5.571,1688.617,8.699,9.404,30.291,0.059,0.109,1.04,42382,6274876,122.391,0.827,37481,0.731,0.013,77.7,0,0,0,0,0,0,0,0,0,63.89
2021-02-20,418,86992,495.286,1557,4,5,1696.77,8.153,9.66,30.369,0.078,0.098,0.98,39618,6314494,123.164,0.773,39614,0.773,0.013,80,0,0,0,0,0,0,0,0,0,63.89
2021-02-21,332,87324,493.571,1562,5,5,1703.245,6.476,9.627,30.467,0.098,0.098,0.93,23490,6337984,123.622,0.458,39443,0.769,0.013,79.9,0,0,0,0,0,0,0,0,0,63.89
2021-02-22,357,87681,479.429,1573,11,5.571,1710.209,6.963,9.351,30.681,0.215,0.109,0.91,18699,6356683,123.986,0.365,39138,0.763,0.012,81.6,0,0,0,0,0,0,0,0,0,63.89
2021-02-23,439,88120,453.429,1576,3,5.429,1718.771,8.563,8.844,30.74,0.059,0.106,0.89,41931,6398614,124.804,0.818,37432,0.73,0.012,82.6,0,0,0,0,0,0,0,0,0,63.89
2021-02-24,396,88516,421.286,1581,5,5.286,1726.495,7.724,8.217,30.837,0.098,0.103,0.88,37386,6436000,125.534,0.729,35406,0.691,0.012,84,0,0,0,0,0,0,0,0,0,63.89
2021-02-25,406,88922,399.143,1585,4,5,1734.414,7.919,7.785,30.915,0.078,0.098,0.9,46542,6482542,126.441,0.908,35721,0.697,0.011,89.5,0,0,0,,,0,0,0,,63.89
2021-02-26,399,89321,392.429,1595,10,6,1742.197,7.782,7.654,31.11,0.195,0.117,0.92,38582,6521124,127.194,0.753,35178,0.686,0.011,89.6,18489,18489,0,18489,18489,0.04,0.04,0,361,63.89
2021-02-27,355,89676,383.429,1603,8,6.571,1749.121,6.924,7.479,31.266,0.156,0.128,0.94,37102,6558226,127.918,0.724,34819,0.679,0.011,90.8,20322,20322,0,1833,10161,0.04,0.04,0,198,63.89
2021-02-28,355,90031,386.714,1605,2,6.143,1756.045,6.924,7.543,31.305,0.039,0.12,0.97,17891,6576117,128.266,0.349,34019,0.664,0.011,88,21177,21177,0,855,7059,0.04,0.04,0,138,63.89
2021-03-01,341,90372,384.429,1606,1,4.714,1762.696,6.651,7.498,31.325,0.02,0.092,0.96,15893,6592010,128.576,0.31,33618,0.656,0.011,87.4,,,0,,13576,,,0,265,58.33
2021-03-02,444,90816,385.143,1612,6,5.143,1771.356,8.66,7.512,31.442,0.117,0.1,0.97,16534,6608544,128.899,0.322,29990,0.585,0.013,77.9,87428,87428,0,,17486,0.17,0.17,0,341,58.33
2021-03-03,424,91240,389.143,1619,7,5.429,1779.627,8.27,7.59,31.578,0.137,0.106,0.97,41792,6650336,129.714,0.815,30619,0.597,0.013,78.7,154421,154421,0,66993,25737,0.3,0.3,0,502,58.33
2021-03-04,398,91638,388,1627,8,6,1787.39,7.763,7.568,31.734,0.156,0.117,0.98,41475,6691811,130.523,0.809,29896,0.583,0.013,77.1,225853,225853,0,71432,32265,0.44,0.44,0,629,58.33
2021-03-05,417,92055,390.571,1632,5,5.286,1795.523,8.134,7.618,31.832,0.098,0.103,1.01,33493,6725304,131.176,0.653,29169,0.569,0.013,74.7,296380,296380,0,70527,39699,0.58,0.58,0,774,58.33
2021-03-06,416,92471,399.286,1634,2,4.429,1803.637,8.114,7.788,31.871,0.039,0.086,1.04,31468,6756772,131.79,0.614,28364,0.553,0.014,71,314656,314656,0,18276,42048,0.61,0.61,0,820,58.33
2021-03-07,346,92817,398,1642,8,5.286,1810.386,6.749,7.763,32.027,0.156,0.103,1.06,19958,6776730,132.179,0.389,28659,0.559,0.014,72,316865,316865,0,2209,42241,0.62,0.62,0,824,58.33
2021-03-08,446,93263,413,1645,3,5.571,1819.085,8.699,8.056,32.086,0.059,0.109,1.1,17685,6794415,132.524,0.345,28915,0.564,0.014,70,383346,383346,0,66481,47006,0.75,0.75,0,917,58.33
2021-03-09,470,93733,416.714,1648,3,5.143,1828.252,9.167,8.128,32.144,0.059,0.1,1.07,,,,,31893,0.622,0.013,76.5,446941,446941,0,63595,51359,0.87,0.87,0,1002,58.33
2021-03-10,465,94198,422.571,1652,4,4.714,1837.322,9.07,8.242,32.222,0.078,0.092,1.07,,,,,31262,0.61,0.014,74,500635,500635,0,53694,49459,0.98,0.98,0,965,58.33
2021-03-11,488,94686,435.429,1662,10,5,1846.84,9.518,8.493,32.417,0.195,0.098,1.08,,,,,30677,0.598,0.014,70.5,546277,546277,0,45642,45775,1.07,1.07,0,893,58.33
2021-03-12,490,95176,445.857,1667,5,5,1856.398,9.557,8.696,32.515,0.098,0.098,1.08,,6943926,135.441,,31232,0.609,0.014,70,583658,583658,0,37381,41040,1.14,1.14,0,800,58.33
2021-03-13,459,95635,452,1669,2,5,1865.351,8.953,8.816,32.554,0.039,0.098,1.06,,,,,30042,0.586,0.015,66.5,587884,587884,0,4226,39033,1.15,1.15,0,761,58.33
2021-03-14,382,96017,457.143,1675,6,4.714,1872.801,7.451,8.917,32.671,0.117,0.092,1.03,,,,,30497,0.595,0.015,66.7,588958,588958,0,1074,38870,1.15,1.15,0,758,58.33
2021-03-15,363,96380,445.286,1678,3,4.714,1879.882,7.08,8.685,32.729,0.059,0.092,0.99,,7013350,136.795,,31276,0.61,0.014,70.2,602150,602150,0,13192,31258,1.17,1.17,0,610,58.33
2021-03-16,469,96849,445.143,1686,8,5.429,1889.03,9.148,8.682,32.885,0.156,0.106,0.98,,,,,31767,0.62,0.014,71.4,621734,621734,0,19584,24970,1.21,1.21,0,487,58.33
2021-03-17,445,97294,442.286,1688,2,5.143,1897.709,8.68,8.627,32.924,0.039,0.1,0.98,,,,,32258,0.629,0.014,72.9,641331,641331,0,19597,20099,1.25,1.25,0,392,58.33
2021-03-18,463,97757,438.714,1690,2,4,1906.74,9.031,8.557,32.963,0.039,0.078,1,,,,,32748,0.639,0.013,74.6,659475,659475,0,18144,16171,1.29,1.29,0,315,58.33
2021-03-19,452,98209,433.286,1693,3,3.714,1915.556,8.816,8.451,33.022,0.059,0.072,1.01,,7176600,139.979,,33239,0.648,0.013,76.7,675426,675426,0,15951,13110,1.32,1.32,0,256,58.33
2021-03-20,456,98665,432.857,1696,3,3.857,1924.45,8.894,8.443,33.08,0.059,0.075,1.03,,,,,33563,0.655,0.013,77.5,676900,676587,313,1474,12717,1.32,1.32,0,248,58.33
2021-03-21,410,99075,436.857,1697,1,3.143,1932.447,7.997,8.521,33.1,0.02,0.061,1.02,,,,,33888,0.661,0.013,77.6,677200,676607,593,300,12606,1.32,1.32,0,246,58.33
2021-03-22,346,99421,434.429,1704,7,3.714,1939.196,6.749,8.473,33.236,0.137,0.072,0.97,,7252832,141.466,,34212,0.667,0.013,78.8,681443,680560,883,4243,11328,1.33,1.33,0,221,58.33
2021-03-23,425,99846,428.143,1707,3,3,1947.486,8.29,8.351,33.295,0.059,0.059,0.96,47986,7300818,142.402,0.936,35236,0.687,0.012,82.3,705110,703612,1498,23667,11911,1.38,1.37,0,232,58.33
2021-03-24,430,100276,426,1709,2,3,1955.873,8.387,8.309,33.334,0.039,0.059,0.98,,,,,36410,0.71,0.012,85.5,735815,733124,2691,30705,13498,1.44,1.43,0.01,263,58.33
2021-03-25,494,100770,430.429,1716,7,3.714,1965.508,9.635,8.395,33.47,0.137,0.072,1.04,,7398876,144.314,,37584,0.733,0.011,87.3,771284,767451,3833,35469,15973,1.5,1.5,0.01,312,58.33
2021-03-26,505,101275,438,1721,5,4,1975.358,9.85,8.543,33.568,0.098,0.078,1.08,53118,7451994,145.35,1.036,39342,0.767,0.011,89.8,797506,792274,5232,26222,17440,1.56,1.55,0.01,340,58.33
2021-03-27,482,101757,441.714,1722,1,3.714,1984.76,9.401,8.616,33.587,0.02,0.072,1.08,45400,7497394,146.236,0.886,42198,0.823,0.01,95.5,799090,793858,5232,1584,17456,1.56,1.55,0.01,340,58.33
2021-03-28,384,102141,438,1726,4,4.143,1992.249,7.49,8.543,33.665,0.078,0.081,1.07,19597,7516991,146.618,0.382,41367,0.807,0.011,94.4,799198,793966,5232,108,17428,1.56,1.55,0.01,340,58.33
2021-03-29,441,102582,451.571,1729,3,3.571,2000.851,8.602,8.808,33.724,0.059,0.07,1.09,20402,7537393,147.016,0.398,40652,0.793,0.011,90,828599,822448,6151,29401,21022,1.62,1.6,0.01,410,58.33
2021-03-30,506,103088,463.143,1731,2,3.429,2010.721,9.869,9.034,33.763,0.039,0.067,1.08,48182,7585575,147.956,0.94,40680,0.793,0.011,87.8,860387,852202,8185,31788,22182,1.68,1.66,0.02,433,58.33
2021-03-31,551,103639,480.429,1735,4,3.714,2021.468,10.747,9.371,33.841,0.078,0.072,1.1,50923,7636498,148.949,0.993,40950,0.799,0.012,85.2,889546,876573,12973,29159,21962,1.74,1.71,0.03,428,58.33
2021-04-01,555,104194,489.143,1737,2,3,2032.293,10.825,9.541,33.88,0.039,0.059,1.11,42146,7678644,149.771,0.822,39967,0.78,0.012,81.7,933924,914069,19855,44378,23234,1.82,1.78,0.04,453,58.33
2021-04-02,542,104736,494.429,1740,3,2.714,2042.865,10.572,9.644,33.939,0.059,0.053,1.12,38899,7717543,150.53,0.759,37936,0.74,0.013,76.7,979936,953556,26380,46012,26061,1.91,1.86,0.05,508,58.33
2021-04-03,543,105279,503.143,1744,4,3.143,2053.456,10.591,9.814,34.017,0.078,0.061,1.13,36770,7754313,151.247,0.717,36703,0.716,0.014,72.9,989381,962083,27298,9445,27184,1.93,1.88,0.05,530,58.33
2021-04-04,473,105752,515.857,1748,4,3.143,2062.682,9.226,10.062,34.095,0.078,0.061,1.14,15364,7769677,151.547,0.3,36098,0.704,0.014,70,990094,962730,27364,713,27271,1.93,1.88,0.05,532,58.33
2021-04-05,478,106230,521.143,1752,4,3.286,2072.005,9.323,10.165,34.173,0.078,0.064,1.15,18646,7788323,151.91,0.364,35847,0.699,0.015,68.8,1027561,999870,27691,37467,28423,2,1.95,0.05,554,58.33
2021-04-06,668,106898,544.286,1756,4,3.571,2085.034,13.029,10.616,34.251,0.078,0.07,1.18,53812,7842135,152.96,1.05,36651,0.715,0.015,67.3,1072480,1039066,33414,44919,30299,2.09,2.03,0.07,591,58.33
2021-04-07,700,107598,565.571,1758,2,3.286,2098.688,13.653,11.031,34.29,0.039,0.064,1.2,49390,7891525,153.923,0.963,36432,0.711,0.016,64.4,1118221,1075574,42647,45741,32668,2.18,2.1,0.08,637,58.33
2021-04-08,671,108269,582.143,1764,6,3.857,2111.775,13.088,11.355,34.407,0.117,0.075,1.18,42902,7934427,154.76,0.837,36540,0.713,0.016,62.8,1165802,1113666,52136,47581,33125,2.27,2.17,0.1,646,58.33
2021-04-09,676,108945,601.286,1765,1,3.571,2124.961,13.185,11.728,34.426,0.02,0.07,1.16,42774,7977201,155.594,0.834,37094,0.724,0.016,61.7,1207482,1148060,59422,41680,32507,2.36,2.24,0.12,634,58.33
2021-04-10,614,109559,611.429,1768,3,3.429,2136.937,11.976,11.926,34.485,0.059,0.067,1.14,39415,8016616,156.363,0.769,37472,0.731,0.016,61.3,1217460,1156950,60510,9978,32583,2.37,2.26,0.12,636,58.33
2021-04-11,587,110146,627.714,1770,2,3.143,2148.386,11.449,12.244,34.524,0.039,0.061,1.14,21007,8037623,156.773,0.41,38278,0.747,0.016,61,1217766,1157255,60511,306,32525,2.38,2.26,0.12,634,58.33
2021-04-12,542,110688,636.857,1775,5,3.286,2158.958,10.572,12.422,34.621,0.098,0.064,1.11,19912,8057535,157.161,0.388,38459,0.75,0.017,60.4,1255899,1195342,60557,38133,32620,2.45,2.33,0.12,636,58.33
2021-04-13,731,111419,645.857,1782,7,3.714,2173.216,14.258,12.597,34.758,0.137,0.072,1.09,57400,8114935,158.281,1.12,38971,0.76,0.017,60.3,1299632,1239065,60567,43733,32450,2.53,2.42,0.12,633,58.33
2021-04-14,698,112117,645.571,1788,6,4.286,2186.83,13.614,12.592,34.875,0.117,0.084,1.07,55826,8170761,159.37,1.089,39891,0.778,0.016,61.8,1346478,1285909,60569,46846,32608,2.63,2.51,0.12,636,58.33
2021-04-15,672,112789,645.714,1790,2,3.714,2199.938,13.107,12.595,34.914,0.039,0.072,1.05,50144,8220905,160.348,0.978,40925,0.798,0.016,63.4,1440224,1379653,60571,93746,39203,2.81,2.69,0.12,765,58.33
2021-04-16,655,113444,642.714,1794,4,4.143,2212.713,12.776,12.536,34.992,0.078,0.081,1.05,41544,8262449,161.158,0.81,40750,0.795,0.016,63.4,1543546,1482969,60577,103322,48009,3.01,2.89,0.12,936,58.33
2021-04-17,671,114115,650.857,1797,3,4.143,2225.801,13.088,12.695,35.05,0.059,0.081,1.06,,,,,39005,0.761,0.017,59.9,1573088,1512503,60585,29542,50804,3.07,2.95,0.12,991,58.33
2021-04-18,531,114646,642.857,1801,4,4.429,2236.158,10.357,12.539,35.128,0.078,0.086,1.05,,,,,39890,0.778,0.016,62.1,1577975,1517390,60585,4887,51458,3.08,2.96,0.12,1004,58.33
2021-04-19,549,115195,643.857,1802,1,3.857,2246.866,10.708,12.558,35.148,0.02,0.075,1.05,,8344058,162.75,,40932,0.798,0.016,63.6,1700076,1639490,60586,122101,63454,3.32,3.2,0.12,1238,58.33
2021-04-20,731,115926,643.857,1806,4,3.429,2261.124,14.258,12.558,35.226,0.078,0.067,1.06,47944,8392002,163.685,0.935,39581,0.772,0.016,61.5,1832004,1771407,60597,131928,76053,3.57,3.46,0.12,1483,58.33
2021-04-21,735,116661,649.143,1808,2,2.857,2275.46,14.336,12.661,35.265,0.039,0.056,1.08,38381,8430383,164.434,0.749,37089,0.723,0.018,57.1,1964389,1903767,60622,132385,88273,3.83,3.71,0.12,1722,58.33
2021-04-22,797,117458,667,1811,3,3,2291.006,15.545,13.01,35.323,0.059,0.059,1.1,39983,8470366,165.214,0.78,35637,0.695,0.019,53.4,2114700,2035549,79151,150311,96354,4.12,3.97,0.15,1879,58.33
2021-04-23,785,118243,685.571,1812,1,2.571,2306.317,15.311,13.372,35.343,0.02,0.05,1.07,43225,8513591,166.057,0.843,35877,0.7,0.019,52.3,2294259,2195492,98767,179559,107245,4.47,4.28,0.19,2092,58.33
2021-04-24,644,118887,681.714,1813,1,2.286,2318.878,12.561,13.297,35.362,0.02,0.045,1.02,41063,8554654,166.858,0.801,37857,0.738,0.018,55.5,2365177,2260639,104538,70918,113156,4.61,4.41,0.2,2207,58.33
2021-04-25,500,119387,677.286,1817,4,2.286,2328.631,9.752,13.21,35.44,0.078,0.045,0.98,22577,8577231,167.298,0.44,37197,0.726,0.018,54.9,2371793,2266888,104905,6616,113403,4.63,4.42,0.2,2212,58.33
2021-04-26,511,119898,671.857,1820,3,2.571,2338.598,9.967,13.105,35.499,0.059,0.05,0.98,17664,8594895,167.643,0.345,35834,0.699,0.019,53.3,2536478,2409975,126503,164685,119486,4.95,4.7,0.25,2331,58.33
2021-04-27,775,120673,678.143,1821,1,2.143,2353.714,15.116,13.227,35.518,0.02,0.042,0.99,50206,8645101,168.622,0.979,36157,0.705,0.019,53.3,2735051,2586769,148282,198573,129007,5.33,5.05,0.29,2516,58.33
2021-04-28,678,121351,670,1825,4,2.429,2366.938,13.224,13.068,35.596,0.078,0.047,0.97,44231,8689332,169.485,0.863,36993,0.722,0.018,55.2,2977515,2808794,168721,242464,144732,5.81,5.48,0.33,2823,58.33
2021-04-29,656,122007,649.857,1828,3,2.429,2379.734,12.795,12.675,35.655,0.059,0.047,0.95,36055,8725387,170.188,0.703,36432,0.711,0.018,56.1,3254738,3056004,198734,277223,162863,6.35,5.96,0.39,3177,58.33
2021-04-30,627,122634,627.286,1831,3,2.714,2391.963,12.23,12.235,35.713,0.059,0.053,0.94,40394,8765781,170.976,0.788,36027,0.703,0.017,57.4,3554402,3326003,228399,299664,180020,6.93,6.49,0.45,3511,58.33
2021-05-01,606,123240,621.857,1833,2,2.857,2403.783,11.82,12.129,35.752,0.039,0.056,0.96,32395,8798176,171.607,0.632,34789,0.679,0.018,55.9,3631292,3395104,236188,76890,180874,7.08,6.62,0.46,3528,58.33
2021-05-02,488,123728,620.143,1834,1,2.429,2413.302,9.518,12.096,35.772,0.02,0.047,0.96,13451,8811627,171.87,0.262,33485,0.653,0.019,54,3633353,3396864,236489,2061,180223,7.09,6.63,0.46,3515,58.33
2021-05-03,541,124269,624.429,1840,6,2.857,2423.854,10.552,12.179,35.889,0.117,0.056,0.96,14677,8826304,172.156,0.286,33058,0.645,0.019,52.9,3733940,3466908,267032,100587,171066,7.28,6.76,0.52,3337,52.78
2021-05-04,676,124945,610.286,1847,7,3.714,2437.039,13.185,11.904,36.026,0.137,0.072,0.93,52755,8879059,173.185,1.029,33423,0.652,0.018,54.8,3828206,3530014,298192,94266,156165,7.47,6.89,0.58,3046,52.78
2021-05-05,574,125519,595.429,1851,4,3.714,2448.235,11.196,11.614,36.104,0.078,0.072,0.9,36015,8915074,173.888,0.702,32249,0.629,0.018,54.2,3883829,3560324,323505,55623,129473,7.58,6.94,0.63,2525,52.78
2021-05-06,525,126044,576.714,1860,9,4.571,2458.475,10.24,11.249,36.279,0.176,0.089,0.91,18863,8933937,174.255,0.368,29793,0.581,0.019,51.7,4005806,3608616,397190,121977,107295,7.81,7.04,0.77,2093,50
2021-05-07,701,126745,587.286,1865,5,4.857,2472.148,13.673,11.455,36.377,0.098,0.095,0.97,38521,8972458,175.007,0.751,29525,0.576,0.02,50.3,4136581,3662587,473994,130775,83168,8.07,7.14,0.92,1622,50
2021-05-08,564,127309,581.286,1874,9,5.857,2483.149,11.001,11.338,36.552,0.176,0.114,0.98,38449,9010907,175.757,0.75,30390,0.593,0.019,52.3,4176221,3674682,501539,39640,77847,8.15,7.17,0.98,1518,50
2021-05-09,463,127772,577.714,1875,1,5.857,2492.179,9.031,11.268,36.572,0.02,0.114,0.98,13584,9024491,176.022,0.265,30409,0.593,0.019,52.6,4181003,3674729,506274,4782,78236,8.16,7.17,0.99,1526,50
2021-05-10,511,128283,573.429,1879,4,5.571,2502.146,9.967,11.185,36.65,0.078,0.109,1,14170,9038661,176.298,0.276,30337,0.592,0.019,52.9,4276579,3692566,584013,95576,77520,8.34,7.2,1.14,1512,50
2021-05-11,635,128918,567.571,1884,5,5.286,2514.532,12.386,11.07,36.747,0.098,0.103,1.02,40995,9079656,177.098,0.8,28657,0.559,0.02,50.5,4363470,3698657,664813,86891,76466,8.51,7.21,1.3,1491,50
2021-05-12,715,129633,587.714,1891,7,5.714,2528.478,13.946,11.463,36.884,0.137,0.111,1.07,37604,9117260,177.831,0.733,28884,0.563,0.02,49.1,4458730,3711023,747707,95260,82129,8.7,7.24,1.46,1602,50
2021-05-13,747,130380,619.429,1893,2,4.714,2543.048,14.57,12.082,36.923,0.039,0.092,1.09,36376,9153636,178.541,0.71,31386,0.612,0.02,50.7,4545683,3719983,825700,86953,77125,8.87,7.26,1.61,1504,50
2021-05-14,681,131061,616.571,1896,3,4.429,2556.331,13.283,12.026,36.981,0.059,0.086,1.06,32447,9186083,179.174,0.633,30518,0.595,0.02,49.5,4636641,3731221,905420,90958,71437,9.04,7.28,1.77,1393,50
2021-05-15,610,131671,623.143,1900,4,3.714,2568.229,11.898,12.154,37.059,0.078,0.072,1.05,33795,9219878,179.833,0.659,29853,0.582,0.021,47.9,4669153,3733796,935357,32512,70419,9.11,7.28,1.82,1374,50
2021-05-16,619,132290,645.429,1903,3,4,2580.302,12.074,12.589,37.118,0.059,0.078,1.06,15073,9234951,180.127,0.294,30066,0.586,0.021,46.6,4674151,3733806,940345,4998,70450,9.12,7.28,1.83,1374,50
2021-05-17,528,132818,647.857,1904,1,3.571,2590.601,10.299,12.636,37.137,0.02,0.07,1,16545,9251496,180.449,0.323,30405,0.593,0.021,46.9,4785576,3745934,1039642,111425,72714,9.33,7.31,2.03,1418,50
2021-05-18,653,133471,650.429,1912,8,4,2603.338,12.737,12.687,37.293,0.156,0.078,0.96,40095,9291591,181.232,0.782,30276,0.591,0.021,46.5,4939339,3759058,1180281,153763,82267,9.63,7.33,2.3,1605,50
2021-05-19,646,134117,640.571,1916,4,3.571,2615.938,12.6,12.494,37.371,0.078,0.07,0.94,32559,9324150,181.867,0.635,29556,0.576,0.022,46.1,5034150,3760940,1273210,94811,82203,9.82,7.34,2.48,1603,50
2021-05-20,561,134678,614,1922,6,4.143,2626.88,10.942,11.976,37.488,0.117,0.081,0.94,14335,9338485,182.146,0.28,26407,0.515,0.023,43,5255441,3772599,1482842,221291,101394,10.25,7.36,2.89,1978,50
2021-05-21,666,135344,611.857,1926,4,4.286,2639.87,12.99,11.934,37.566,0.078,0.084,0.98,34479,9372964,182.819,0.673,26697,0.521,0.023,43.6,5495098,3787570,1707528,239657,122637,10.72,7.39,3.33,2392,50
2021-05-22,585,135929,608.286,1931,5,4.429,2651.281,11.41,11.865,37.664,0.098,0.086,1,30444,9403408,183.412,0.594,26219,0.511,0.023,43.1,5536097,3792660,1743437,40999,123849,10.8,7.4,3.4,2416,50
2021-05-23,538,136467,596.714,1934,3,4.429,2661.774,10.494,11.639,37.722,0.059,0.086,1.01,10656,9414064,183.62,0.208,25588,0.499,0.023,42.9,5539242,3792906,1746336,3145,123584,10.8,7.4,3.41,2410,50
2021-05-24,516,136983,595,1938,4,4.857,2671.839,10.065,11.605,37.8,0.078,0.095,1,18845,9432909,183.988,0.368,25916,0.505,0.023,43.6,5715453,3864784,1850669,176211,132840,11.15,7.54,3.61,2591,50
2021-05-25,699,137682,601.571,1940,2,4,2685.473,13.634,11.734,37.839,0.039,0.078,0.98,42720,9475629,184.821,0.833,26291,0.513,0.023,43.7,5887992,3942775,1945217,172539,135522,11.48,7.69,3.79,2643,50
2021-05-26,629,138311,599.143,1943,3,3.857,2697.741,12.269,11.686,37.898,0.059,0.075,0.94,32760,9508389,185.46,0.639,26320,0.513,0.023,43.9,6043663,4030744,2012919,155671,144216,11.79,7.86,3.93,2813,50
2021-05-27,587,138898,602.857,1946,3,3.429,2709.191,11.449,11.759,37.957,0.059,0.067,0.91,34645,9543034,186.136,0.676,29221,0.57,0.021,48.5,6757397,4688520,2068877,713734,214565,13.18,9.14,4.04,4185,50
2021-05-28,533,139431,583.857,1951,5,3.571,2719.587,10.396,11.388,38.054,0.098,0.07,0.89,36550,9579584,186.849,0.713,29517,0.576,0.02,50.6,7367683,5233963,2133720,610286,267512,14.37,10.21,4.16,5218,50
2021-05-29,479,139910,568.714,1957,6,3.714,2728.93,9.343,11.093,38.171,0.117,0.072,0.91,30217,9609801,187.438,0.589,29485,0.575,0.019,51.8,7542308,5399015,2143293,174625,286602,14.71,10.53,4.18,5590,50
2021-05-30,430,140340,553.286,1959,2,3.571,2737.317,8.387,10.792,38.21,0.039,0.07,0.94,11320,9621121,187.659,0.221,29580,0.577,0.019,53.5,7547239,5403854,2143385,4931,286857,14.72,10.54,4.18,5595,50
2021-05-31,459,140799,545.143,1963,4,3.571,2746.27,8.953,10.633,38.288,0.078,0.07,0.99,12084,9633205,187.895,0.236,28614,0.558,0.019,52.5,7962839,5791503,2171336,415600,321055,15.53,11.3,4.24,6262,50
2021-06-01,677,141476,542,1965,2,3.571,2759.474,13.205,10.572,38.327,0.039,0.07,1.04,37585,9670790,188.628,0.733,27880,0.544,0.019,51.4,8556522,6358512,2198010,593683,381219,16.69,12.4,4.29,7436,50
2021-06-02,681,142157,549.429,1968,3,3.571,2772.757,13.283,10.717,38.386,0.059,0.07,1.07,34643,9705433,189.303,0.676,28149,0.549,0.02,51.2,8962721,6741993,2220728,406199,417008,17.48,13.15,4.33,8134,50
2021-06-03,695,142852,564.857,1969,1,3.286,2786.313,13.556,11.017,38.405,0.02,0.064,1.09,37069,9742502,190.026,0.723,28495,0.556,0.02,50.4,9333300,7086292,2247008,370579,367986,18.2,13.82,4.38,7178,50
2021-06-04,744,143596,595,1971,2,2.857,2800.825,14.512,11.605,38.444,0.039,0.056,1.08,34978,9777480,190.709,0.682,28271,0.551,0.021,47.5,9732863,7455726,2277137,399563,337883,18.98,14.54,4.44,6590,50
2021-06-05,556,144152,606,1973,2,2.286,2811.67,10.845,11.82,38.483,0.039,0.045,1.02,31310,9808790,191.319,0.611,28427,0.554,0.021,46.9,9874668,7595072,2279596,141805,333194,19.26,14.81,4.45,6499,50
2021-06-06,485,144637,613.857,1974,1,2.143,2821.129,9.46,11.973,38.503,0.02,0.042,0.98,14442,9823232,191.601,0.282,28873,0.563,0.021,47,9878469,7598787,2279682,3801,333033,19.27,14.82,4.45,6496,50
2021-06-07,454,145091,613.143,1975,1,1.714,2829.985,8.855,11.959,38.522,0.02,0.033,0.95,12539,9835771,191.846,0.245,28938,0.564,0.021,47.2,10755652,8455799,2299853,877183,398973,20.98,16.49,4.49,7782,50
2021-06-08,601,145692,602.286,1977,2,1.714,2841.707,11.722,11.748,38.561,0.039,0.033,0.92,33553,9869324,192.5,0.654,28362,0.553,0.021,47.1,11527605,9202346,2325259,771953,424440,22.48,17.95,4.54,8279,50
2021-06-09,611,146303,592.286,1979,2,1.571,2853.625,11.917,11.552,38.6,0.039,0.031,0.92,44035,9913359,193.359,0.859,29704,0.579,0.02,50.2,12143648,9794163,2349485,616043,454418,23.69,19.1,4.58,8863,50
2021-06-10,556,146859,572.429,1981,2,1.714,2864.469,10.845,11.165,38.639,0.039,0.033,0.91,33176,9946535,194.006,0.647,29148,0.569,0.02,50.9,13201539,10565404,2636135,1057891,552606,25.75,20.61,5.14,10779,50
2021-06-11,563,147422,546.571,1982,1,1.571,2875.451,10.981,10.661,38.659,0.02,0.031,0.9,30776,9977311,194.606,0.6,28547,0.557,0.019,52.2,14261118,11387256,2873862,1059579,646894,27.82,22.21,5.61,12618,50
2021-06-12,452,147874,531.714,1985,3,1.714,2884.267,8.816,10.371,38.717,0.059,0.033,0.89,41024,10018335,195.407,0.8,29935,0.584,0.018,56.3,14794416,11802287,2992129,533298,702821,28.86,23.02,5.84,13708,50
2021-06-13,399,148273,519.429,1988,3,2,2892.049,7.782,10.131,38.776,0.059,0.039,0.89,10055,10028390,195.603,0.196,29308,0.572,0.018,56.4,14834410,11830381,3004029,39994,707992,28.93,23.08,5.86,13809,50
2021-06-14,374,148647,508,1992,4,2.429,2899.344,7.295,9.908,38.854,0.078,0.047,0.89,13683,10042073,195.87,0.267,29472,0.575,0.017,58,15828002,12565269,3262733,993592,724621,30.87,24.51,6.36,14134,50
2021-06-15,544,149191,499.857,1993,1,2.286,2909.955,10.611,9.75,38.873,0.02,0.045,0.89,30733,10072806,196.469,0.599,29069,0.567,0.017,58.2,,,,,662654,,,,12925,50
2021-06-16,540,149731,489.714,1994,1,2.143,2920.487,10.533,9.552,38.893,0.02,0.042,0.9,37814,10110620,197.207,0.738,28180,0.55,0.017,57.5,16504369,13790841,3755040,,622960,32.19,26.9,7.32,12151,50
2021-06-17,507,150238,482.714,1996,2,2.143,2930.376,9.889,9.415,38.932,0.039,0.042,0.91,25897,10136517,197.712,0.505,27140,0.529,0.018,56.2,,,,,523348,,,,10208,50
2021-06-18,482,150720,471.143,1997,1,2.143,2939.778,9.401,9.19,38.951,0.02,0.042,0.91,31694,10168211,198.33,0.618,27271,0.532,0.017,57.9,,,,,423495,,,,8260,50
2021-06-19,429,151149,467.857,2002,5,2.429,2948.145,8.368,9.126,39.049,0.098,0.047,0.93,26222,10194433,198.841,0.511,25157,0.491,0.019,53.8,,,,,398825,,,,7779,50
2021-06-20,357,151506,461.857,2004,2,2.286,2955.109,6.963,9.008,39.088,0.039,0.045,0.95,10139,10204572,199.039,0.198,25169,0.491,0.018,54.5,17946801,15014819,4047846,,444627,35.01,29.29,7.9,8672,50
2021-06-21,395,151901,464.857,2006,2,2,2962.813,7.704,9.067,39.127,0.039,0.039,1,13042,10217614,199.293,0.254,25077,0.489,0.019,53.9,18086202,15039998,4167533,139401,322600,35.28,29.34,8.13,6292,50
2021-06-22,644,152545,479.143,2007,1,2,2975.374,12.561,9.346,39.146,0.02,0.039,1.05,35302,10252916,199.982,0.689,25730,0.502,0.019,53.7,18267181,15098865,4292272,180979,300142,35.63,29.45,8.37,5854,50
2021-06-23,610,153155,489.143,2008,1,2,2987.272,11.898,9.541,39.166,0.02,0.039,,27242,10280158,200.513,0.531,24220,0.472,0.02,49.5,18438254,15150121,4413494,171073,276269,35.96,29.55,8.61,5389,50
2021-06-24,634,153789,507.286,2009,1,1.857,2999.638,12.366,9.895,39.185,0.02,0.036,,37653,10317811,201.248,0.734,25899,0.505,0.02,51.1,18595784,15199919,4521785,157530,247258,36.27,29.65,8.82,4823,50
2021-06-25,668,154457,533.857,2012,3,2.143,3012.667,13.029,10.413,39.244,0.059,0.042,,26546,10344357,201.766,0.518,25164,0.491,,,,,,,,,,,,
2021-06-26,614,155071,560.286,2013,1,1.571,3024.643,11.976,10.928,39.263,0.02,0.031,,,,,,,,,,,,,,,,,,,
